"1";"1";"C:\data\DEPRS\games\101games-master";"game";"game";"game";"16"
"2";"1";"C:\data\DEPRS\games\101games-master";"gui";"gui";"gui";"5"
"3";"1";"C:\data\DEPRS\games\101games-master";"bild";"bilde";"bilde";"3"
"4";"1";"C:\data\DEPRS\games\101games-master";"box";"box";"box";"3"
"5";"1";"C:\data\DEPRS\games\101games-master";"arg";"arg";"arg";"2"
"6";"1";"C:\data\DEPRS\games\101games-master";"spill";"spill";"spill";"2"
"7";"1";"C:\data\DEPRS\games\101games-master";"game";"games";"games";"2"
"8";"1";"C:\data\DEPRS\games\101games-master";"aliv";"alive";"alive";"1"
"9";"1";"C:\data\DEPRS\games\101games-master";"navn";"navn";"navn";"1"
"10";"1";"C:\data\DEPRS\games\101games-master";"guii";"guii";"guii";"1"
"74";"2";"C:\data\DEPRS\games\AI_RPG_MP";"point";"points";"points";"10"
"75";"2";"C:\data\DEPRS\games\AI_RPG_MP";"skill";"skill";"skill";"10"
"76";"2";"C:\data\DEPRS\games\AI_RPG_MP";"test";"test";"test";"8"
"77";"2";"C:\data\DEPRS\games\AI_RPG_MP";"techniqu";"technique";"technique";"7"
"78";"2";"C:\data\DEPRS\games\AI_RPG_MP";"heal";"heal";"heal";"4"
"79";"2";"C:\data\DEPRS\games\AI_RPG_MP";"breath";"breath";"breath";"3"
"80";"2";"C:\data\DEPRS\games\AI_RPG_MP";"strike";"strike";"strike";"3"
"81";"2";"C:\data\DEPRS\games\AI_RPG_MP";"intent";"intent";"intent";"3"
"82";"2";"C:\data\DEPRS\games\AI_RPG_MP";"gener";"generator";"generator";"3"
"83";"2";"C:\data\DEPRS\games\AI_RPG_MP";"king";"king";"king";"3"
"173";"3";"C:\data\DEPRS\games\bloodball";"team";"team";"team";"167"
"174";"3";"C:\data\DEPRS\games\bloodball";"player";"player";"player";"95"
"175";"3";"C:\data\DEPRS\games\bloodball";"squar";"square";"square";"45"
"176";"3";"C:\data\DEPRS\games\bloodball";"home";"home";"home";"44"
"177";"3";"C:\data\DEPRS\games\bloodball";"zone";"zone";"zone";"36"
"178";"3";"C:\data\DEPRS\games\bloodball";"guest";"guest";"guest";"34"
"179";"3";"C:\data\DEPRS\games\bloodball";"number";"number";"number";"32"
"180";"3";"C:\data\DEPRS\games\bloodball";"setup";"setup";"setup";"27"
"181";"3";"C:\data\DEPRS\games\bloodball";"posit";"position";"position";"21"
"182";"3";"C:\data\DEPRS\games\bloodball";"count";"count";"count";"18"
"272";"4";"C:\data\DEPRS\games\Board-Games-master";"player";"player";"player";"175"
"273";"4";"C:\data\DEPRS\games\Board-Games-master";"team";"team";"team";"162"
"274";"4";"C:\data\DEPRS\games\Board-Games-master";"home";"home";"home";"46"
"275";"4";"C:\data\DEPRS\games\Board-Games-master";"zone";"zone";"zone";"42"
"276";"4";"C:\data\DEPRS\games\Board-Games-master";"posit";"position";"position";"42"
"277";"4";"C:\data\DEPRS\games\Board-Games-master";"move";"move";"move";"41"
"278";"4";"C:\data\DEPRS\games\Board-Games-master";"guest";"guest";"guest";"34"
"279";"4";"C:\data\DEPRS\games\Board-Games-master";"squar";"square";"square";"32"
"280";"4";"C:\data\DEPRS\games\Board-Games-master";"number";"number";"number";"30"
"281";"4";"C:\data\DEPRS\games\Board-Games-master";"setup";"setup";"setup";"27"
"372";"5";"C:\data\DEPRS\games\catchanimals-master";"team";"team";"team";"159"
"373";"5";"C:\data\DEPRS\games\catchanimals-master";"player";"player";"player";"106"
"374";"5";"C:\data\DEPRS\games\catchanimals-master";"squar";"square";"square";"62"
"375";"5";"C:\data\DEPRS\games\catchanimals-master";"home";"home";"home";"46"
"376";"5";"C:\data\DEPRS\games\catchanimals-master";"setup";"setup";"setup";"44"
"377";"5";"C:\data\DEPRS\games\catchanimals-master";"posit";"position";"position";"42"
"378";"5";"C:\data\DEPRS\games\catchanimals-master";"zone";"zone";"zone";"36"
"379";"5";"C:\data\DEPRS\games\catchanimals-master";"guest";"guest";"guest";"34"
"380";"5";"C:\data\DEPRS\games\catchanimals-master";"ball";"ball";"ball";"32"
"381";"5";"C:\data\DEPRS\games\catchanimals-master";"number";"number";"number";"31"
"472";"6";"C:\data\DEPRS\games\ChessGame0.6";"player";"player";"player";"233"
"473";"6";"C:\data\DEPRS\games\ChessGame0.6";"team";"team";"team";"163"
"474";"6";"C:\data\DEPRS\games\ChessGame0.6";"posit";"position";"position";"82"
"475";"6";"C:\data\DEPRS\games\ChessGame0.6";"squar";"square";"square";"66"
"476";"6";"C:\data\DEPRS\games\ChessGame0.6";"setup";"setup";"setup";"49"
"477";"6";"C:\data\DEPRS\games\ChessGame0.6";"home";"home";"home";"46"
"478";"6";"C:\data\DEPRS\games\ChessGame0.6";"ball";"ball";"ball";"43"
"479";"6";"C:\data\DEPRS\games\ChessGame0.6";"zone";"zone";"zone";"42"
"480";"6";"C:\data\DEPRS\games\ChessGame0.6";"guest";"guest";"guest";"36"
"481";"6";"C:\data\DEPRS\games\ChessGame0.6";"legal";"legal";"legal";"32"
"571";"7";"C:\data\DEPRS\games\crg-scoreboard_0.1.4";"player";"player";"player";"223"
"572";"7";"C:\data\DEPRS\games\crg-scoreboard_0.1.4";"posit";"position";"position";"212"
"573";"7";"C:\data\DEPRS\games\crg-scoreboard_0.1.4";"team";"team";"team";"163"
"574";"7";"C:\data\DEPRS\games\crg-scoreboard_0.1.4";"squar";"square";"square";"67"
"575";"7";"C:\data\DEPRS\games\crg-scoreboard_0.1.4";"ball";"ball";"ball";"65"
"576";"7";"C:\data\DEPRS\games\crg-scoreboard_0.1.4";"setup";"setup";"setup";"51"
"577";"7";"C:\data\DEPRS\games\crg-scoreboard_0.1.4";"home";"home";"home";"46"
"578";"7";"C:\data\DEPRS\games\crg-scoreboard_0.1.4";"legal";"legal";"legal";"38"
"579";"7";"C:\data\DEPRS\games\crg-scoreboard_0.1.4";"guest";"guest";"guest";"36"
"580";"7";"C:\data\DEPRS\games\crg-scoreboard_0.1.4";"icon";"icon";"icon";"32"
"670";"8";"C:\data\DEPRS\games\find-sec-bugs-master";"opcod";"opcode";"opcode";"63"
"671";"8";"C:\data\DEPRS\games\find-sec-bugs-master";"detector";"detector";"detector";"55"
"672";"8";"C:\data\DEPRS\games\find-sec-bugs-master";"stack";"stack";"stack";"51"
"673";"8";"C:\data\DEPRS\games\find-sec-bugs-master";"code";"code";"code";"33"
"674";"8";"C:\data\DEPRS\games\find-sec-bugs-master";"item";"item";"item";"23"
"675";"8";"C:\data\DEPRS\games\find-sec-bugs-master";"type";"type";"type";"21"
"676";"8";"C:\data\DEPRS\games\find-sec-bugs-master";"usernam";"username";"username";"19"
"677";"8";"C:\data\DEPRS\games\find-sec-bugs-master";"hard";"hard";"hard";"19"
"678";"8";"C:\data\DEPRS\games\find-sec-bugs-master";"intent";"intent";"intent";"15"
"679";"8";"C:\data\DEPRS\games\find-sec-bugs-master";"activ";"active";"active";"13"
"769";"9";"C:\data\DEPRS\games\FruitWar";"histori";"history";"history";"43"
"770";"9";"C:\data\DEPRS\games\FruitWar";"battl";"battle";"battle";"43"
"771";"9";"C:\data\DEPRS\games\FruitWar";"time";"time";"time";"26"
"772";"9";"C:\data\DEPRS\games\FruitWar";"result";"result";"result";"25"
"773";"9";"C:\data\DEPRS\games\FruitWar";"robot";"robot";"robot";"14"
"774";"9";"C:\data\DEPRS\games\FruitWar";"delet";"delete";"delete";"10"
"775";"9";"C:\data\DEPRS\games\FruitWar";"count";"count";"count";"10"
"776";"9";"C:\data\DEPRS\games\FruitWar";"upload";"uploaded";"uploaded";"8"
"777";"9";"C:\data\DEPRS\games\FruitWar";"limit";"limit";"limit";"7"
"778";"9";"C:\data\DEPRS\games\FruitWar";"record";"record";"record";"6"
"868";"10";"C:\data\DEPRS\games\gogui-1.2.2";"color";"color";"color";"193"
"869";"10";"C:\data\DEPRS\games\gogui-1.2.2";"point";"point";"point";"121"
"870";"10";"C:\data\DEPRS\games\gogui-1.2.2";"arg";"arg";"arg";"45"
"871";"10";"C:\data\DEPRS\games\gogui-1.2.2";"black";"black";"black";"39"
"872";"10";"C:\data\DEPRS\games\gogui-1.2.2";"empti";"empty";"empty";"38"
"873";"10";"C:\data\DEPRS\games\gogui-1.2.2";"setup";"setup";"setup";"30"
"874";"10";"C:\data\DEPRS\games\gogui-1.2.2";"text";"text";"text";"26"
"875";"10";"C:\data\DEPRS\games\gogui-1.2.2";"move";"move";"move";"25"
"876";"10";"C:\data\DEPRS\games\gogui-1.2.2";"creat";"create";"create";"22"
"877";"10";"C:\data\DEPRS\games\gogui-1.2.2";"sax";"sax";"sax";"16"
"967";"11";"C:\data\DEPRS\games\jake2src-0.9.5_too long to run";"object";"object";"object";"88"
"968";"11";"C:\data\DEPRS\games\jake2src-0.9.5_too long to run";"machinegun";"machinegun";"machinegun";"86"
"969";"11";"C:\data\DEPRS\games\jake2src-0.9.5_too long to run";"wrd";"wrd";"wrd";"53"
"970";"11";"C:\data\DEPRS\games\jake2src-0.9.5_too long to run";"tank";"tank";"tank";"33"
"971";"11";"C:\data\DEPRS\games\jake2src-0.9.5_too long to run";"boss";"boss";"boss";"30"
"972";"11";"C:\data\DEPRS\games\jake2src-0.9.5_too long to run";"rocket";"rocket";"rocket";"25"
"973";"11";"C:\data\DEPRS\games\jake2src-0.9.5_too long to run";"scale";"scale";"scale";"24"
"974";"11";"C:\data\DEPRS\games\jake2src-0.9.5_too long to run";"format";"format";"format";"23"
"975";"11";"C:\data\DEPRS\games\jake2src-0.9.5_too long to run";"origin";"origin";"origin";"22"
"976";"11";"C:\data\DEPRS\games\jake2src-0.9.5_too long to run";"quak";"quake";"quake";"21"
"1067";"12";"C:\data\DEPRS\games\jexcelapi_2_6_12_too long to run";"type";"type";"type";"488"
"1068";"12";"C:\data\DEPRS\games\jexcelapi_2_6_12_too long to run";"record";"record";"record";"147"
"1069";"12";"C:\data\DEPRS\games\jexcelapi_2_6_12_too long to run";"draw";"drawing";"drawing";"115"
"1070";"12";"C:\data\DEPRS\games\jexcelapi_2_6_12_too long to run";"group";"group";"group";"80"
"1071";"12";"C:\data\DEPRS\games\jexcelapi_2_6_12_too long to run";"mso";"mso";"mso";"42"
"1072";"12";"C:\data\DEPRS\games\jexcelapi_2_6_12_too long to run";"obj";"obj";"obj";"42"
"1073";"12";"C:\data\DEPRS\games\jexcelapi_2_6_12_too long to run";"block";"block";"block";"30"
"1074";"12";"C:\data\DEPRS\games\jexcelapi_2_6_12_too long to run";"box";"box";"box";"28"
"1075";"12";"C:\data\DEPRS\games\jexcelapi_2_6_12_too long to run";"link";"link";"link";"21"
"1076";"12";"C:\data\DEPRS\games\jexcelapi_2_6_12_too long to run";"start";"start";"start";"20"
"1166";"13";"C:\data\DEPRS\games\JMario";"anim";"animation";"animation";"45"
"1167";"13";"C:\data\DEPRS\games\JMario";"left";"left";"left";"35"
"1168";"13";"C:\data\DEPRS\games\JMario";"action";"action";"action";"11"
"1169";"13";"C:\data\DEPRS\games\JMario";"run";"run";"run";"6"
"1170";"13";"C:\data\DEPRS\games\JMario";"jump";"jump";"jump";"6"
"1171";"13";"C:\data\DEPRS\games\JMario";"move";"move";"move";"6"
"1172";"13";"C:\data\DEPRS\games\JMario";"anim";"anim";"anim";"6"
"1173";"13";"C:\data\DEPRS\games\JMario";"dead";"dead";"dead";"5"
"1174";"13";"C:\data\DEPRS\games\JMario";"koopa";"koopa";"koopa";"4"
"1175";"13";"C:\data\DEPRS\games\JMario";"level";"level";"level";"3"
"1265";"14";"C:\data\DEPRS\games\jshooter-master";"camera";"camera";"camera";"31"
"1266";"14";"C:\data\DEPRS\games\jshooter-master";"test";"test";"test";"13"
"1267";"14";"C:\data\DEPRS\games\jshooter-master";"time";"time";"time";"12"
"1268";"14";"C:\data\DEPRS\games\jshooter-master";"delta";"delta";"delta";"10"
"1269";"14";"C:\data\DEPRS\games\jshooter-master";"ur";"ure";"ure";"6"
"1270";"14";"C:\data\DEPRS\games\jshooter-master";"viewport";"viewport";"viewport";"5"
"1271";"14";"C:\data\DEPRS\games\jshooter-master";"reader";"reader";"reader";"5"
"1272";"14";"C:\data\DEPRS\games\jshooter-master";"frustum";"frustum";"frustum";"4"
"1273";"14";"C:\data\DEPRS\games\jshooter-master";"arg";"arg";"arg";"4"
"1274";"14";"C:\data\DEPRS\games\jshooter-master";"prop";"props";"props";"4"
"1364";"15";"C:\data\DEPRS\games\MareInternum";"spielernumm";"spielernumm";"spielernummer";"27"
"1365";"15";"C:\data\DEPRS\games\MareInternum";"provinz";"provinz";"provinz";"24"
"1366";"15";"C:\data\DEPRS\games\MareInternum";"grenz";"grenze";"grenze";"19"
"1367";"15";"C:\data\DEPRS\games\MareInternum";"spieler";"spiel";"spieler";"14"
"1368";"15";"C:\data\DEPRS\games\MareInternum";"ss_provinz";"ss_provinz";"ss_provinz";"10"
"1369";"15";"C:\data\DEPRS\games\MareInternum";"provinzen";"provinzen";"provinzen";"10"
"1370";"15";"C:\data\DEPRS\games\MareInternum";"ware";"ware";"ware";"9"
"1371";"15";"C:\data\DEPRS\games\MareInternum";"ss_region";"ss_region";"ss_region";"8"
"1372";"15";"C:\data\DEPRS\games\MareInternum";"ss_einheiten";"ss_einheiten";"ss_einheiten";"8"
"1373";"15";"C:\data\DEPRS\games\MareInternum";"faktor";"faktor";"faktor";"7"
"1463";"16";"C:\data\DEPRS\games\MegaBlock";"imag";"image";"image";"10"
"1464";"16";"C:\data\DEPRS\games\MegaBlock";"score";"score";"score";"9"
"1465";"16";"C:\data\DEPRS\games\MegaBlock";"line";"lines";"lines";"7"
"1466";"16";"C:\data\DEPRS\games\MegaBlock";"press";"pressed";"pressed";"6"
"1467";"16";"C:\data\DEPRS\games\MegaBlock";"png";"png";"png";"5"
"1468";"16";"C:\data\DEPRS\games\MegaBlock";"level";"level";"level";"5"
"1469";"16";"C:\data\DEPRS\games\MegaBlock";"code";"code";"code";"4"
"1470";"16";"C:\data\DEPRS\games\MegaBlock";"kei";"key";"key";"4"
"1471";"16";"C:\data\DEPRS\games\MegaBlock";"tile";"tiles";"tiles";"2"
"1472";"16";"C:\data\DEPRS\games\MegaBlock";"row";"row";"row";"2"
"1554";"17";"C:\data\DEPRS\games\Napsack-1.08";"properti";"property";"property";"157"
"1555";"17";"C:\data\DEPRS\games\Napsack-1.08";"instanc";"instance";"instance";"55"
"1556";"17";"C:\data\DEPRS\games\Napsack-1.08";"properti";"properties";"properties";"34"
"1557";"17";"C:\data\DEPRS\games\Napsack-1.08";"mnemon";"mnemonic";"mnemonic";"31"
"1558";"17";"C:\data\DEPRS\games\Napsack-1.08";"network";"networks";"networks";"18"
"1559";"17";"C:\data\DEPRS\games\Napsack-1.08";"main";"main";"main";"15"
"1560";"17";"C:\data\DEPRS\games\Napsack-1.08";"network";"network";"network";"12"
"1561";"17";"C:\data\DEPRS\games\Napsack-1.08";"count";"count";"count";"12"
"1562";"17";"C:\data\DEPRS\games\Napsack-1.08";"criteria";"criteria";"criteria";"8"
"1563";"17";"C:\data\DEPRS\games\Napsack-1.08";"ier";"ier";"ier";"7"
"1653";"18";"C:\data\DEPRS\games\NitsLoch2.2.1";"item";"item";"item";"132"
"1654";"18";"C:\data\DEPRS\games\NitsLoch2.2.1";"weapon";"weapon";"weapon";"78"
"1655";"18";"C:\data\DEPRS\games\NitsLoch2.2.1";"armor";"armor";"armor";"77"
"1656";"18";"C:\data\DEPRS\games\NitsLoch2.2.1";"writer";"writer";"writer";"58"
"1657";"18";"C:\data\DEPRS\games\NitsLoch2.2.1";"pre";"pre";"pre";"56"
"1658";"18";"C:\data\DEPRS\games\NitsLoch2.2.1";"document";"document";"document";"29"
"1659";"18";"C:\data\DEPRS\games\NitsLoch2.2.1";"elem";"elem";"elem";"28"
"1660";"18";"C:\data\DEPRS\games\NitsLoch2.2.1";"root";"root";"root";"28"
"1661";"18";"C:\data\DEPRS\games\NitsLoch2.2.1";"element";"element";"element";"28"
"1662";"18";"C:\data\DEPRS\games\NitsLoch2.2.1";"info";"info";"info";"22"
"1752";"19";"C:\data\DEPRS\games\PacDasher";"coars";"coarse";"coarse";"149"
"1753";"19";"C:\data\DEPRS\games\PacDasher";"graphic";"graphics";"graphics";"28"
"1754";"19";"C:\data\DEPRS\games\PacDasher";"area";"area";"area";"26"
"1755";"19";"C:\data\DEPRS\games\PacDasher";"xyc";"xyc";"xyc";"23"
"1756";"19";"C:\data\DEPRS\games\PacDasher";"fruit";"fruit";"fruit";"14"
"1757";"19";"C:\data\DEPRS\games\PacDasher";"top";"top";"top";"12"
"1758";"19";"C:\data\DEPRS\games\PacDasher";"left";"left";"left";"12"
"1759";"19";"C:\data\DEPRS\games\PacDasher";"clear";"clear";"clear";"9"
"1760";"19";"C:\data\DEPRS\games\PacDasher";"set";"set";"set";"9"
"1761";"19";"C:\data\DEPRS\games\PacDasher";"boundari";"boundary";"boundary";"8"
"1851";"20";"C:\data\DEPRS\games\pixel-dungeon-master";"png";"png";"png";"78"
"1852";"20";"C:\data\DEPRS\games\pixel-dungeon-master";"po";"pos";"pos";"53"
"1853";"20";"C:\data\DEPRS\games\pixel-dungeon-master";"callback";"callback";"callback";"46"
"1854";"20";"C:\data\DEPRS\games\pixel-dungeon-master";"group";"group";"group";"43"
"1855";"20";"C:\data\DEPRS\games\pixel-dungeon-master";"desc";"desc";"desc";"37"
"1856";"20";"C:\data\DEPRS\games\pixel-dungeon-master";"tile";"tile";"tile";"33"
"1857";"20";"C:\data\DEPRS\games\pixel-dungeon-master";"roll";"roll";"roll";"33"
"1858";"20";"C:\data\DEPRS\games\pixel-dungeon-master";"tab";"tab";"tab";"32"
"1859";"20";"C:\data\DEPRS\games\pixel-dungeon-master";"upgrad";"upgradable";"upgradable";"31"
"1860";"20";"C:\data\DEPRS\games\pixel-dungeon-master";"tex";"tex";"tex";"28"
"1950";"21";"C:\data\DEPRS\games\Prefuse-master";"row";"row";"row";"237"
"1951";"21";"C:\data\DEPRS\games\Prefuse-master";"type";"type";"type";"223"
"1952";"21";"C:\data\DEPRS\games\Prefuse-master";"column";"column";"column";"117"
"1953";"21";"C:\data\DEPRS\games\Prefuse-master";"val";"val";"val";"82"
"1954";"21";"C:\data\DEPRS\games\Prefuse-master";"col";"col";"col";"74"
"1955";"21";"C:\data\DEPRS\games\Prefuse-master";"parser";"parser";"parser";"57"
"1956";"21";"C:\data\DEPRS\games\Prefuse-master";"object";"object";"object";"46"
"1957";"21";"C:\data\DEPRS\games\Prefuse-master";"date";"date";"date";"42"
"1958";"21";"C:\data\DEPRS\games\Prefuse-master";"nrow";"nrow";"nrows";"37"
"1959";"21";"C:\data\DEPRS\games\Prefuse-master";"color";"color";"color";"36"
"1960";"21";"C:\data\DEPRS\games\Prefuse-master";"iter";"iterator";"iterator";"282"
"1961";"21";"C:\data\DEPRS\games\Prefuse-master";"kei";"key";"key";"216"
"1962";"21";"C:\data\DEPRS\games\Prefuse-master";"map";"map";"map";"139"
"1963";"21";"C:\data\DEPRS\games\Prefuse-master";"object";"object";"object";"133"
"1964";"21";"C:\data\DEPRS\games\Prefuse-master";"compar";"comparator";"comparator";"75"
"1965";"21";"C:\data\DEPRS\games\Prefuse-master";"tree";"tree";"tree";"60"
"1966";"21";"C:\data\DEPRS\games\Prefuse-master";"row";"rows";"rows";"59"
"1967";"21";"C:\data\DEPRS\games\Prefuse-master";"val";"val";"val";"51"
"1968";"21";"C:\data\DEPRS\games\Prefuse-master";"ubl";"uble";"uble";"43"
"1969";"21";"C:\data\DEPRS\games\Prefuse-master";"liter";"literal";"literal";"35"
"2049";"22";"C:\data\DEPRS\games\raytracer-master";"vector";"vector";"vector";"46"
"2050";"22";"C:\data\DEPRS\games\raytracer-master";"normal";"normal";"normal";"10"
"2051";"22";"C:\data\DEPRS\games\raytracer-master";"posit";"position";"position";"8"
"2052";"22";"C:\data\DEPRS\games\raytracer-master";"point";"point";"point";"5"
"2053";"22";"C:\data\DEPRS\games\raytracer-master";"color";"color";"color";"4"
"2054";"22";"C:\data\DEPRS\games\raytracer-master";"distanc";"distance";"distance";"2"
"2055";"22";"C:\data\DEPRS\games\raytracer-master";"specular";"specular";"specular";"2"
"2056";"22";"C:\data\DEPRS\games\raytracer-master";"fuse";"fuse";"fuse";"2"
"2057";"22";"C:\data\DEPRS\games\raytracer-master";"scale";"scale";"scale";"1"
"2058";"22";"C:\data\DEPRS\games\raytracer-master";"translat";"translation";"translation";"1"
"2146";"23";"C:\data\DEPRS\games\RPG-master";"posit";"position";"position";"37"
"2147";"23";"C:\data\DEPRS\games\RPG-master";"dimens";"dimension";"dimension";"21"
"2148";"23";"C:\data\DEPRS\games\RPG-master";"color";"color";"color";"20"
"2149";"23";"C:\data\DEPRS\games\RPG-master";"box";"box";"box";"18"
"2150";"23";"C:\data\DEPRS\games\RPG-master";"veloc";"velocity";"velocity";"17"
"2151";"23";"C:\data\DEPRS\games\RPG-master";"dim";"dim";"dim";"14"
"2152";"23";"C:\data\DEPRS\games\RPG-master";"max";"max";"max";"13"
"2153";"23";"C:\data\DEPRS\games\RPG-master";"health";"health";"health";"13"
"2154";"23";"C:\data\DEPRS\games\RPG-master";"scale";"scale";"scale";"11"
"2155";"23";"C:\data\DEPRS\games\RPG-master";"acceler";"acceleration";"acceleration";"8"
"2245";"24";"C:\data\DEPRS\games\RPG-Monster";"charact";"character";"character";"16"
"2246";"24";"C:\data\DEPRS\games\RPG-Monster";"attribut";"attribute";"attribute";"10"
"2247";"24";"C:\data\DEPRS\games\RPG-Monster";"type";"type";"type";"7"
"2248";"24";"C:\data\DEPRS\games\RPG-Monster";"rpg";"rpg";"rpg";"7"
"2249";"24";"C:\data\DEPRS\games\RPG-Monster";"loader";"loader";"loader";"4"
"2250";"24";"C:\data\DEPRS\games\RPG-Monster";"map";"map";"map";"4"
"2251";"24";"C:\data\DEPRS\games\RPG-Monster";"integ";"integer";"integer";"4"
"2252";"24";"C:\data\DEPRS\games\RPG-Monster";"hash";"hash";"hash";"3"
"2253";"24";"C:\data\DEPRS\games\RPG-Monster";"attribut";"attributes";"attributes";"3"
"2254";"24";"C:\data\DEPRS\games\RPG-Monster";"node";"node";"node";"2"
"2345";"25";"C:\data\DEPRS\games\simbad-master";"vector";"vector";"vector";"39"
"2346";"25";"C:\data\DEPRS\games\simbad-master";"behavior";"behavior";"behavior";"38"
"2347";"25";"C:\data\DEPRS\games\simbad-master";"posit";"position";"position";"25"
"2348";"25";"C:\data\DEPRS\games\simbad-master";"agent";"agent";"agent";"13"
"2349";"25";"C:\data\DEPRS\games\simbad-master";"robot";"robot";"robot";"10"
"2350";"25";"C:\data\DEPRS\games\simbad-master";"start";"start";"start";"7"
"2351";"25";"C:\data\DEPRS\games\simbad-master";"po";"pos";"pos";"6"
"2352";"25";"C:\data\DEPRS\games\simbad-master";"radiu";"radius";"radius";"5"
"2353";"25";"C:\data\DEPRS\games\simbad-master";"posit";"positions";"positions";"4"
"2354";"25";"C:\data\DEPRS\games\simbad-master";"light";"light";"light";"4"
"2444";"26";"C:\data\DEPRS\games\Source";"control";"control";"control";"14"
"2445";"26";"C:\data\DEPRS\games\Source";"access";"access";"access";"12"
"2446";"26";"C:\data\DEPRS\games\Source";"msg";"msg";"msg";"6"
"2447";"26";"C:\data\DEPRS\games\Source";"side";"sides";"sides";"3"
"2448";"26";"C:\data\DEPRS\games\Source";"port";"port";"port";"1"
"2449";"26";"C:\data\DEPRS\games\Source";"soc";"soc";"soc";"1"
"2450";"26";"C:\data\DEPRS\games\Source";"input";"input";"input";"5"
"2451";"26";"C:\data\DEPRS\games\Source";"stream";"stream";"stream";"4"
"2452";"26";"C:\data\DEPRS\games\Source";"connect";"connected";"connected";"2"
"2453";"26";"C:\data\DEPRS\games\Source";"output";"output";"output";"6"
"2490";"27";"C:\data\DEPRS\games\Stigma-Client";"actor";"actor";"actor";"225"
"2491";"27";"C:\data\DEPRS\games\Stigma-Client";"request";"request";"request";"154"
"2492";"27";"C:\data\DEPRS\games\Stigma-Client";"manag";"manager";"manager";"124"
"2493";"27";"C:\data\DEPRS\games\Stigma-Client";"world";"world";"world";"111"
"2494";"27";"C:\data\DEPRS\games\Stigma-Client";"layer";"layer";"layer";"89"
"2495";"27";"C:\data\DEPRS\games\Stigma-Client";"sprite";"sprite";"sprite";"73"
"2496";"27";"C:\data\DEPRS\games\Stigma-Client";"integ";"integer";"integer";"56"
"2497";"27";"C:\data\DEPRS\games\Stigma-Client";"actor";"actors";"actors";"54"
"2498";"27";"C:\data\DEPRS\games\Stigma-Client";"canva";"canvas";"canvas";"51"
"2499";"27";"C:\data\DEPRS\games\Stigma-Client";"group";"group";"group";"44"
"2589";"28";"C:\data\DEPRS\games\Sudoku-JavaGUI";"game";"game";"game";"20"
"2590";"28";"C:\data\DEPRS\games\Sudoku-JavaGUI";"posit";"position";"position";"2"
"2591";"28";"C:\data\DEPRS\games\Sudoku-JavaGUI";"set";"set";"set";"2"
"2592";"28";"C:\data\DEPRS\games\Sudoku-JavaGUI";"check";"check";"check";"1"
"2593";"28";"C:\data\DEPRS\games\Sudoku-JavaGUI";"instruct";"instruction";"instruction";"1"
"2594";"28";"C:\data\DEPRS\games\Sudoku-JavaGUI";"code";"code";"code";"1"
"2595";"28";"C:\data\DEPRS\games\Sudoku-JavaGUI";"current";"current";"current";"1"
"2596";"28";"C:\data\DEPRS\games\Sudoku-JavaGUI";"control";"controller";"controller";"12"
"2597";"28";"C:\data\DEPRS\games\Sudoku-JavaGUI";"color";"color";"color";"2"
"2598";"28";"C:\data\DEPRS\games\Sudoku-JavaGUI";"button";"button";"button";"2"
"2641";"29";"C:\data\DEPRS\games\TarsosDSP-master";"buffer";"buffer";"buffer";"128"
"2642";"29";"C:\data\DEPRS\games\TarsosDSP-master";"size";"size";"size";"90"
"2643";"29";"C:\data\DEPRS\games\TarsosDSP-master";"rate";"rate";"rate";"75"
"2644";"29";"C:\data\DEPRS\games\TarsosDSP-master";"sampl";"sample";"sample";"60"
"2645";"29";"C:\data\DEPRS\games\TarsosDSP-master";"audio";"audio";"audio";"54"
"2646";"29";"C:\data\DEPRS\games\TarsosDSP-master";"fft";"fft";"fft";"44"
"2647";"29";"C:\data\DEPRS\games\TarsosDSP-master";"overlap";"overlap";"overlap";"35"
"2648";"29";"C:\data\DEPRS\games\TarsosDSP-master";"detector";"detector";"detector";"29"
"2649";"29";"C:\data\DEPRS\games\TarsosDSP-master";"state";"state";"state";"23"
"2650";"29";"C:\data\DEPRS\games\TarsosDSP-master";"phase";"phase";"phase";"21"
"2740";"30";"C:\data\DEPRS\games\telescope-master";"context";"context";"context";"24"
"2741";"30";"C:\data\DEPRS\games\telescope-master";"view";"view";"view";"14"
"2742";"30";"C:\data\DEPRS\games\telescope-master";"layout";"layout";"layout";"11"
"2743";"30";"C:\data\DEPRS\games\telescope-master";"attr";"attr";"attrs";"7"
"2744";"30";"C:\data\DEPRS\games\telescope-master";"set";"set";"set";"7"
"2745";"30";"C:\data\DEPRS\games\telescope-master";"attribut";"attribute";"attribute";"7"
"2746";"30";"C:\data\DEPRS\games\telescope-master";"email";"email";"email";"7"
"2747";"30";"C:\data\DEPRS\games\telescope-master";"tar";"tar";"tar";"5"
"2748";"30";"C:\data\DEPRS\games\telescope-master";"toast";"toast";"toast";"2"
"2749";"30";"C:\data\DEPRS\games\telescope-master";"attach";"attachment";"attachment";"2"
"2829";"31";"C:\data\DEPRS\games\TexasHoldemPro";"pro";"pro";"pro";"13"
"2830";"31";"C:\data\DEPRS\games\TexasHoldemPro";"left";"left";"left";"12"
"2831";"31";"C:\data\DEPRS\games\TexasHoldemPro";"uid";"uid";"uid";"11"
"2832";"31";"C:\data\DEPRS\games\TexasHoldemPro";"version";"version";"version";"10"
"2833";"31";"C:\data\DEPRS\games\TexasHoldemPro";"layout";"layout";"layout";"5"
"2834";"31";"C:\data\DEPRS\games\TexasHoldemPro";"constraint";"constraints";"constraints";"3"
"2835";"31";"C:\data\DEPRS\games\TexasHoldemPro";"manag";"manager";"manager";"3"
"2836";"31";"C:\data\DEPRS\games\TexasHoldemPro";"scroll";"scroll";"scroll";"2"
"2837";"31";"C:\data\DEPRS\games\TexasHoldemPro";"visibl";"visible";"visible";"2"
"2838";"31";"C:\data\DEPRS\games\TexasHoldemPro";"player";"player";"player";"2"
"2928";"32";"C:\data\DEPRS\games\thai-go";"game";"game";"game";"48"
"2929";"32";"C:\data\DEPRS\games\thai-go";"instanc";"instance";"instance";"22"
"2930";"32";"C:\data\DEPRS\games\thai-go";"port";"port";"port";"8"
"2931";"32";"C:\data\DEPRS\games\thai-go";"setup";"setup";"setup";"5"
"2932";"32";"C:\data\DEPRS\games\thai-go";"host";"host";"host";"5"
"2933";"32";"C:\data\DEPRS\games\thai-go";"plai";"play";"play";"4"
"2934";"32";"C:\data\DEPRS\games\thai-go";"imag";"image";"image";"3"
"2935";"32";"C:\data\DEPRS\games\thai-go";"bool";"bool";"bool";"2"
"2936";"32";"C:\data\DEPRS\games\thai-go";"creat";"create";"create";"1"
"2937";"32";"C:\data\DEPRS\games\thai-go";"close";"close";"close";"1"
"3027";"33";"C:\data\DEPRS\games\trunk";"game";"game";"game";"20"
"3028";"33";"C:\data\DEPRS\games\trunk";"engin";"engine";"engine";"9"
"3029";"33";"C:\data\DEPRS\games\trunk";"frame";"frame";"frame";"6"
"3030";"33";"C:\data\DEPRS\games\trunk";"ambient";"ambient";"ambient";"3"
"3031";"33";"C:\data\DEPRS\games\trunk";"score";"score";"score";"2"
"3032";"33";"C:\data\DEPRS\games\trunk";"health";"health";"health";"2"
"3033";"33";"C:\data\DEPRS\games\trunk";"set";"settings";"settings";"1"
"3034";"33";"C:\data\DEPRS\games\trunk";"arrow";"arrows";"arrows";"1"
"3035";"33";"C:\data\DEPRS\games\trunk";"bullet";"bullet";"bullet";"1"
"3036";"33";"C:\data\DEPRS\games\trunk";"power";"power";"power";"1"
"3102";"34";"C:\data\DEPRS\games\university-game";"pseu";"pseu";"pseu";"25"
"3103";"34";"C:\data\DEPRS\games\university-game";"distant";"distant";"distant";"23"
"3104";"34";"C:\data\DEPRS\games\university-game";"win";"win";"win";"18"
"3105";"34";"C:\data\DEPRS\games\university-game";"niveau";"niveau";"niveau";"12"
"3106";"34";"C:\data\DEPRS\games\university-game";"player";"player";"player";"11"
"3107";"34";"C:\data\DEPRS\games\university-game";"joueur";"joueur";"joueur";"8"
"3108";"34";"C:\data\DEPRS\games\university-game";"admin";"admin";"admin";"7"
"3109";"34";"C:\data\DEPRS\games\university-game";"lvl";"lvl";"lvl";"7"
"3110";"34";"C:\data\DEPRS\games\university-game";"exp";"exp";"exp";"7"
"3111";"34";"C:\data\DEPRS\games\university-game";"local";"local";"local";"7"
"3201";"35";"C:\data\DEPRS\games\wiremock-master";"request";"request";"request";"190"
"3202";"35";"C:\data\DEPRS\games\wiremock-master";"respons";"response";"response";"177"
"3203";"35";"C:\data\DEPRS\games\wiremock-master";"definit";"definition";"definition";"103"
"3204";"35";"C:\data\DEPRS\games\wiremock-master";"header";"headers";"headers";"75"
"3205";"35";"C:\data\DEPRS\games\wiremock-master";"http";"http";"http";"64"
"3206";"35";"C:\data\DEPRS\games\wiremock-master";"bodi";"body";"body";"56"
"3207";"35";"C:\data\DEPRS\games\wiremock-master";"admin";"admin";"admin";"36"
"3208";"35";"C:\data\DEPRS\games\wiremock-master";"url";"url";"url";"35"
"3209";"35";"C:\data\DEPRS\games\wiremock-master";"servlet";"servlet";"servlet";"33"
"3210";"35";"C:\data\DEPRS\games\wiremock-master";"map";"mapping";"mapping";"33"