"1","1","D:\Downloads\Games\GamesWithSrcFolder\bloodball_src\src\net\sf","illeg","illegal","13"
"2","1","D:\Downloads\Games\GamesWithSrcFolder\bloodball_src\src\net\sf","manc","mance","9"
"3","1","D:\Downloads\Games\GamesWithSrcFolder\bloodball_src\src\net\sf","vertic","vertical","7"
"4","1","D:\Downloads\Games\GamesWithSrcFolder\bloodball_src\src\net\sf","regular","regular","5"
"5","1","D:\Downloads\Games\GamesWithSrcFolder\bloodball_src\src\net\sf","true!play","true!player","5"
"6","1","D:\Downloads\Games\GamesWithSrcFolder\bloodball_src\src\net\sf","type","types","4"
"7","1","D:\Downloads\Games\GamesWithSrcFolder\bloodball_src\src\net\sf","surround","surrounders","4"
"8","1","D:\Downloads\Games\GamesWithSrcFolder\bloodball_src\src\net\sf","true!block","true!blocker","4"
"9","1","D:\Downloads\Games\GamesWithSrcFolder\bloodball_src\src\net\sf","cancel","cancel","4"
"10","1","D:\Downloads\Games\GamesWithSrcFolder\bloodball_src\src\net\sf","full","full","4"
"11","1","D:\Downloads\Games\GamesWithSrcFolder\bloodball_src\src\net\sf","wn","wns","20"
"12","1","D:\Downloads\Games\GamesWithSrcFolder\bloodball_src\src\net\sf","squareplay","squareplayer","14"
"13","1","D:\Downloads\Games\GamesWithSrcFolder\bloodball_src\src\net\sf","call","call","12"
"14","1","D:\Downloads\Games\GamesWithSrcFolder\bloodball_src\src\net\sf","deselect","deselect","11"
"15","1","D:\Downloads\Games\GamesWithSrcFolder\bloodball_src\src\net\sf","legal","legality","9"
"16","1","D:\Downloads\Games\GamesWithSrcFolder\bloodball_src\src\net\sf","select","select","9"
"17","1","D:\Downloads\Games\GamesWithSrcFolder\bloodball_src\src\net\sf","action","actions","8"
"18","1","D:\Downloads\Games\GamesWithSrcFolder\bloodball_src\src\net\sf","score","scored","7"
"19","1","D:\Downloads\Games\GamesWithSrcFolder\bloodball_src\src\net\sf","method","method","6"
"20","1","D:\Downloads\Games\GamesWithSrcFolder\bloodball_src\src\net\sf","choosen","choosen","6"
"21","1","D:\Downloads\Games\GamesWithSrcFolder\bloodball_src\src\net\sf","team","team","680"
"22","1","D:\Downloads\Games\GamesWithSrcFolder\bloodball_src\src\net\sf","ball","ball","320"
"23","1","D:\Downloads\Games\GamesWithSrcFolder\bloodball_src\src\net\sf","home","home","272"
"24","1","D:\Downloads\Games\GamesWithSrcFolder\bloodball_src\src\net\sf","state","state","232"
"25","1","D:\Downloads\Games\GamesWithSrcFolder\bloodball_src\src\net\sf","setup","setup","202"
"26","1","D:\Downloads\Games\GamesWithSrcFolder\bloodball_src\src\net\sf","end","end","173"
"27","1","D:\Downloads\Games\GamesWithSrcFolder\bloodball_src\src\net\sf","posit","position","169"
"28","1","D:\Downloads\Games\GamesWithSrcFolder\bloodball_src\src\net\sf","activ","active","144"
"29","1","D:\Downloads\Games\GamesWithSrcFolder\bloodball_src\src\net\sf","resourc","resource","138"
"30","1","D:\Downloads\Games\GamesWithSrcFolder\bloodball_src\src\net\sf","kei","keys","110"
"31","1","D:\Downloads\Games\GamesWithSrcFolder\bloodball_src\src\net\sf","activ","activated","11"
"32","1","D:\Downloads\Games\GamesWithSrcFolder\bloodball_src\src\net\sf","height","height","10"
"33","1","D:\Downloads\Games\GamesWithSrcFolder\bloodball_src\src\net\sf","frame","frame","6"
"34","1","D:\Downloads\Games\GamesWithSrcFolder\bloodball_src\src\net\sf","moveabl","moveable","5"
"35","1","D:\Downloads\Games\GamesWithSrcFolder\bloodball_src\src\net\sf","setup","setup","5"
"36","1","D:\Downloads\Games\GamesWithSrcFolder\bloodball_src\src\net\sf","oper","operation","5"
"37","1","D:\Downloads\Games\GamesWithSrcFolder\bloodball_src\src\net\sf","choosen","choosen","4"
"38","1","D:\Downloads\Games\GamesWithSrcFolder\bloodball_src\src\net\sf","event","event","4"
"39","1","D:\Downloads\Games\GamesWithSrcFolder\bloodball_src\src\net\sf","editor","editor","3"
"40","1","D:\Downloads\Games\GamesWithSrcFolder\bloodball_src\src\net\sf","red","red","3"
"41","1","D:\Downloads\Games\GamesWithSrcFolder\bloodball_src\src\net\sf","player","player","1184"
"42","1","D:\Downloads\Games\GamesWithSrcFolder\bloodball_src\src\net\sf","game","game","524"
"43","1","D:\Downloads\Games\GamesWithSrcFolder\bloodball_src\src\net\sf","squar","square","453"
"44","1","D:\Downloads\Games\GamesWithSrcFolder\bloodball_src\src\net\sf","test","test","390"
"45","1","D:\Downloads\Games\GamesWithSrcFolder\bloodball_src\src\net\sf","turn","turn","284"
"46","1","D:\Downloads\Games\GamesWithSrcFolder\bloodball_src\src\net\sf","posit","position","241"
"47","1","D:\Downloads\Games\GamesWithSrcFolder\bloodball_src\src\net\sf","move","move","224"
"48","1","D:\Downloads\Games\GamesWithSrcFolder\bloodball_src\src\net\sf","control","controller","191"
"49","1","D:\Downloads\Games\GamesWithSrcFolder\bloodball_src\src\net\sf","action","action","160"
"50","1","D:\Downloads\Games\GamesWithSrcFolder\bloodball_src\src\net\sf","zone","zone","140"
"51","1","D:\Downloads\Games\GamesWithSrcFolder\bloodball_src\src\net\sf","remov","removable","7"
"52","1","D:\Downloads\Games\GamesWithSrcFolder\bloodball_src\src\net\sf","color","color","6"
"53","1","D:\Downloads\Games\GamesWithSrcFolder\bloodball_src\src\net\sf","succeed","succeeded","5"
"54","1","D:\Downloads\Games\GamesWithSrcFolder\bloodball_src\src\net\sf","eighteen","eighteen","4"
"55","1","D:\Downloads\Games\GamesWithSrcFolder\bloodball_src\src\net\sf","kei","key","4"
"56","1","D:\Downloads\Games\GamesWithSrcFolder\bloodball_src\src\net\sf","possess","possession","4"
"57","1","D:\Downloads\Games\GamesWithSrcFolder\bloodball_src\src\net\sf","oppon","opponent","4"
"58","1","D:\Downloads\Games\GamesWithSrcFolder\bloodball_src\src\net\sf","compon","component","3"
"59","1","D:\Downloads\Games\GamesWithSrcFolder\bloodball_src\src\net\sf","membership","membership","3"
"60","1","D:\Downloads\Games\GamesWithSrcFolder\bloodball_src\src\net\sf","div","div","3"
"61","1","D:\Downloads\Games\GamesWithSrcFolder\bloodball_src\src\net\sf","draw","draw","11"
"62","1","D:\Downloads\Games\GamesWithSrcFolder\bloodball_src\src\net\sf","object","object","7"
"63","1","D:\Downloads\Games\GamesWithSrcFolder\bloodball_src\src\net\sf","compon","component","6"
"64","1","D:\Downloads\Games\GamesWithSrcFolder\bloodball_src\src\net\sf","content","contents","6"
"65","1","D:\Downloads\Games\GamesWithSrcFolder\bloodball_src\src\net\sf","descript","description","6"
"66","1","D:\Downloads\Games\GamesWithSrcFolder\bloodball_src\src\net\sf","scatter","scattered","6"
"67","1","D:\Downloads\Games\GamesWithSrcFolder\bloodball_src\src\net\sf","move","moving","6"
"68","1","D:\Downloads\Games\GamesWithSrcFolder\bloodball_src\src\net\sf","deactiv","deactivated","6"
"69","1","D:\Downloads\Games\GamesWithSrcFolder\bloodball_src\src\net\sf","chooser","chooser","5"
"70","1","D:\Downloads\Games\GamesWithSrcFolder\bloodball_src\src\net\sf","upper","upper","5"
"71","1","D:\Downloads\Games\GamesWithSrcFolder\bloodball_src\src\net\sf","spiel","spiel","7"
"72","1","D:\Downloads\Games\GamesWithSrcFolder\bloodball_src\src\net\sf","fail","fail","6"
"73","1","D:\Downloads\Games\GamesWithSrcFolder\bloodball_src\src\net\sf","legal","legal","6"
"74","1","D:\Downloads\Games\GamesWithSrcFolder\bloodball_src\src\net\sf","result","results","6"
"75","1","D:\Downloads\Games\GamesWithSrcFolder\bloodball_src\src\net\sf","show","show","6"
"76","1","D:\Downloads\Games\GamesWithSrcFolder\bloodball_src\src\net\sf","sie","sie","5"
"77","1","D:\Downloads\Games\GamesWithSrcFolder\bloodball_src\src\net\sf","knock","knock","5"
"78","1","D:\Downloads\Games\GamesWithSrcFolder\bloodball_src\src\net\sf","dice","dice","4"
"79","1","D:\Downloads\Games\GamesWithSrcFolder\bloodball_src\src\net\sf","legal","legality","4"
"80","1","D:\Downloads\Games\GamesWithSrcFolder\bloodball_src\src\net\sf","mode","mode","4"
"81","1","D:\Downloads\Games\GamesWithSrcFolder\bloodball_src\src\net\sf","menu","menu","13"
"82","1","D:\Downloads\Games\GamesWithSrcFolder\bloodball_src\src\net\sf","stop","stop","10"
"83","1","D:\Downloads\Games\GamesWithSrcFolder\bloodball_src\src\net\sf","playerposit","playerposition","9"
"84","1","D:\Downloads\Games\GamesWithSrcFolder\bloodball_src\src\net\sf","tosquar","tosquare","8"
"85","1","D:\Downloads\Games\GamesWithSrcFolder\bloodball_src\src\net\sf","wnteam","wnteams","7"
"86","1","D:\Downloads\Games\GamesWithSrcFolder\bloodball_src\src\net\sf","setuphom","setuphome","7"
"87","1","D:\Downloads\Games\GamesWithSrcFolder\bloodball_src\src\net\sf","empti","empty","7"
"88","1","D:\Downloads\Games\GamesWithSrcFolder\bloodball_src\src\net\sf","lower","lower","7"
"89","1","D:\Downloads\Games\GamesWithSrcFolder\bloodball_src\src\net\sf","choosensquar","choosensquare","7"
"90","1","D:\Downloads\Games\GamesWithSrcFolder\bloodball_src\src\net\sf","klick","klick","6"
"91","1","D:\Downloads\Games\GamesWithSrcFolder\bloodball_src\src\net\sf","incit","incite","10"
"92","1","D:\Downloads\Games\GamesWithSrcFolder\bloodball_src\src\net\sf","squar","square","8"
"93","1","D:\Downloads\Games\GamesWithSrcFolder\bloodball_src\src\net\sf","inact","inactive","7"
"94","1","D:\Downloads\Games\GamesWithSrcFolder\bloodball_src\src\net\sf","flow","flow","6"
"95","1","D:\Downloads\Games\GamesWithSrcFolder\bloodball_src\src\net\sf","blocker","blocker","5"
"96","1","D:\Downloads\Games\GamesWithSrcFolder\bloodball_src\src\net\sf","numberplay","numberplayer","5"
"97","1","D:\Downloads\Games\GamesWithSrcFolder\bloodball_src\src\net\sf","type","type","4"
"98","1","D:\Downloads\Games\GamesWithSrcFolder\bloodball_src\src\net\sf","kei","key","4"
"99","1","D:\Downloads\Games\GamesWithSrcFolder\bloodball_src\src\net\sf","font","font","3"
"100","1","D:\Downloads\Games\GamesWithSrcFolder\bloodball_src\src\net\sf","win","win","3"
"101","2","D:\Downloads\Games\GamesWithSrcFolder\Chess Games\ChessGame\src\org\lums","model","model","3"
"102","2","D:\Downloads\Games\GamesWithSrcFolder\Chess Games\ChessGame\src\org\lums","overload","overloaded","3"
"103","2","D:\Downloads\Games\GamesWithSrcFolder\Chess Games\ChessGame\src\org\lums","wait","wait","2"
"104","2","D:\Downloads\Games\GamesWithSrcFolder\Chess Games\ChessGame\src\org\lums","nest","nested","2"
"105","2","D:\Downloads\Games\GamesWithSrcFolder\Chess Games\ChessGame\src\org\lums","guest","guest","2"
"106","2","D:\Downloads\Games\GamesWithSrcFolder\Chess Games\ChessGame\src\org\lums","method","methods","2"
"107","2","D:\Downloads\Games\GamesWithSrcFolder\Chess Games\ChessGame\src\org\lums","bak","bak","2"
"108","2","D:\Downloads\Games\GamesWithSrcFolder\Chess Games\ChessGame\src\org\lums","rook","rook","2"
"109","2","D:\Downloads\Games\GamesWithSrcFolder\Chess Games\ChessGame\src\org\lums","flush","flush","2"
"110","2","D:\Downloads\Games\GamesWithSrcFolder\Chess Games\ChessGame\src\org\lums","boundsstart","boundsstarting","2"
"111","2","D:\Downloads\Games\GamesWithSrcFolder\Chess Games\ChessGame\src\org\lums","visual","visual","339"
"112","2","D:\Downloads\Games\GamesWithSrcFolder\Chess Games\ChessGame\src\org\lums","constant","constants","222"
"113","2","D:\Downloads\Games\GamesWithSrcFolder\Chess Games\ChessGame\src\org\lums","move","move","151"
"114","2","D:\Downloads\Games\GamesWithSrcFolder\Chess Games\ChessGame\src\org\lums","piec","pieces","138"
"115","2","D:\Downloads\Games\GamesWithSrcFolder\Chess Games\ChessGame\src\org\lums","piec","piece","136"
"116","2","D:\Downloads\Games\GamesWithSrcFolder\Chess Games\ChessGame\src\org\lums","method","method","136"
"117","2","D:\Downloads\Games\GamesWithSrcFolder\Chess Games\ChessGame\src\org\lums","squar","square","125"
"118","2","D:\Downloads\Games\GamesWithSrcFolder\Chess Games\ChessGame\src\org\lums","board","board","115"
"119","2","D:\Downloads\Games\GamesWithSrcFolder\Chess Games\ChessGame\src\org\lums","row","row","99"
"120","2","D:\Downloads\Games\GamesWithSrcFolder\Chess Games\ChessGame\src\org\lums","chat","chat","87"
"121","2","D:\Downloads\Games\GamesWithSrcFolder\Chess Games\ChessGame\src\org\lums","knight","knight","20"
"122","2","D:\Downloads\Games\GamesWithSrcFolder\Chess Games\ChessGame\src\org\lums","choos","choose","14"
"123","2","D:\Downloads\Games\GamesWithSrcFolder\Chess Games\ChessGame\src\org\lums","box","box","13"
"124","2","D:\Downloads\Games\GamesWithSrcFolder\Chess Games\ChessGame\src\org\lums","draw","draw","11"
"125","2","D:\Downloads\Games\GamesWithSrcFolder\Chess Games\ChessGame\src\org\lums","captur","capture","10"
"126","2","D:\Downloads\Games\GamesWithSrcFolder\Chess Games\ChessGame\src\org\lums","captur","captured","9"
"127","2","D:\Downloads\Games\GamesWithSrcFolder\Chess Games\ChessGame\src\org\lums","confirm","confirm","8"
"128","2","D:\Downloads\Games\GamesWithSrcFolder\Chess Games\ChessGame\src\org\lums","manag","manager","7"
"129","2","D:\Downloads\Games\GamesWithSrcFolder\Chess Games\ChessGame\src\org\lums","stack","stack","6"
"130","2","D:\Downloads\Games\GamesWithSrcFolder\Chess Games\ChessGame\src\org\lums","arrai","array","6"
"131","2","D:\Downloads\Games\GamesWithSrcFolder\Chess Games\ChessGame\src\org\lums","pieces/b","pieces/b","6"
"132","2","D:\Downloads\Games\GamesWithSrcFolder\Chess Games\ChessGame\src\org\lums","ructor","ructor","6"
"133","2","D:\Downloads\Games\GamesWithSrcFolder\Chess Games\ChessGame\src\org\lums","click","clicks","5"
"134","2","D:\Downloads\Games\GamesWithSrcFolder\Chess Games\ChessGame\src\org\lums","start","starting","5"
"135","2","D:\Downloads\Games\GamesWithSrcFolder\Chess Games\ChessGame\src\org\lums","icon","icons","4"
"136","2","D:\Downloads\Games\GamesWithSrcFolder\Chess Games\ChessGame\src\org\lums","error","error","4"
"137","2","D:\Downloads\Games\GamesWithSrcFolder\Chess Games\ChessGame\src\org\lums","king","king","4"
"138","2","D:\Downloads\Games\GamesWithSrcFolder\Chess Games\ChessGame\src\org\lums","overridden","overridden","4"
"139","2","D:\Downloads\Games\GamesWithSrcFolder\Chess Games\ChessGame\src\org\lums","suppress","suppress","4"
"140","2","D:\Downloads\Games\GamesWithSrcFolder\Chess Games\ChessGame\src\org\lums","start","started","3"
"141","2","D:\Downloads\Games\GamesWithSrcFolder\Chess Games\ChessGame\src\org\lums","queenchess","queenchess","11"
"142","2","D:\Downloads\Games\GamesWithSrcFolder\Chess Games\ChessGame\src\org\lums","load","loaded","10"
"143","2","D:\Downloads\Games\GamesWithSrcFolder\Chess Games\ChessGame\src\org\lums","pane","pane","9"
"144","2","D:\Downloads\Games\GamesWithSrcFolder\Chess Games\ChessGame\src\org\lums","reader","reader","8"
"145","2","D:\Downloads\Games\GamesWithSrcFolder\Chess Games\ChessGame\src\org\lums","left","left","8"
"146","2","D:\Downloads\Games\GamesWithSrcFolder\Chess Games\ChessGame\src\org\lums","param","param","6"
"147","2","D:\Downloads\Games\GamesWithSrcFolder\Chess Games\ChessGame\src\org\lums","button","buttons","5"
"148","2","D:\Downloads\Games\GamesWithSrcFolder\Chess Games\ChessGame\src\org\lums","bound","bounds","5"
"149","2","D:\Downloads\Games\GamesWithSrcFolder\Chess Games\ChessGame\src\org\lums","piec","pieces","5"
"150","2","D:\Downloads\Games\GamesWithSrcFolder\Chess Games\ChessGame\src\org\lums","text","text","5"
"151","2","D:\Downloads\Games\GamesWithSrcFolder\Chess Games\ChessGame\src\org\lums","game","game","8"
"152","2","D:\Downloads\Games\GamesWithSrcFolder\Chess Games\ChessGame\src\org\lums","dimtri","dimtri","6"
"153","2","D:\Downloads\Games\GamesWithSrcFolder\Chess Games\ChessGame\src\org\lums","distribut","distribute","6"
"154","2","D:\Downloads\Games\GamesWithSrcFolder\Chess Games\ChessGame\src\org\lums","move","move","6"
"155","2","D:\Downloads\Games\GamesWithSrcFolder\Chess Games\ChessGame\src\org\lums","pawnchess","pawnchess","5"
"156","2","D:\Downloads\Games\GamesWithSrcFolder\Chess Games\ChessGame\src\org\lums","lum","lums","4"
"157","2","D:\Downloads\Games\GamesWithSrcFolder\Chess Games\ChessGame\src\org\lums","graphic","graphically","4"
"158","2","D:\Downloads\Games\GamesWithSrcFolder\Chess Games\ChessGame\src\org\lums","enabl","enabled","4"
"159","2","D:\Downloads\Games\GamesWithSrcFolder\Chess Games\ChessGame\src\org\lums","ting","ting","4"
"160","2","D:\Downloads\Games\GamesWithSrcFolder\Chess Games\ChessGame\src\org\lums","positionnon","positionnon","4"
"161","2","D:\Downloads\Games\GamesWithSrcFolder\Chess Games\ChessGame\src\org\lums","piec","piece","762"
"162","2","D:\Downloads\Games\GamesWithSrcFolder\Chess Games\ChessGame\src\org\lums","properti","properties","330"
"163","2","D:\Downloads\Games\GamesWithSrcFolder\Chess Games\ChessGame\src\org\lums","color","color","310"
"164","2","D:\Downloads\Games\GamesWithSrcFolder\Chess Games\ChessGame\src\org\lums","black","black","283"
"165","2","D:\Downloads\Games\GamesWithSrcFolder\Chess Games\ChessGame\src\org\lums","posit","position","237"
"166","2","D:\Downloads\Games\GamesWithSrcFolder\Chess Games\ChessGame\src\org\lums","chess","chess","224"
"167","2","D:\Downloads\Games\GamesWithSrcFolder\Chess Games\ChessGame\src\org\lums","column","column","201"
"168","2","D:\Downloads\Games\GamesWithSrcFolder\Chess Games\ChessGame\src\org\lums","squar","squares","150"
"169","2","D:\Downloads\Games\GamesWithSrcFolder\Chess Games\ChessGame\src\org\lums","constant","constants","148"
"170","2","D:\Downloads\Games\GamesWithSrcFolder\Chess Games\ChessGame\src\org\lums","test","test","129"
"171","2","D:\Downloads\Games\GamesWithSrcFolder\Chess Games\ChessGame\src\org\lums","lum","lums","4"
"172","2","D:\Downloads\Games\GamesWithSrcFolder\Chess Games\ChessGame\src\org\lums","piec","pieces","3"
"173","2","D:\Downloads\Games\GamesWithSrcFolder\Chess Games\ChessGame\src\org\lums","icons/background","icons/background","3"
"174","2","D:\Downloads\Games\GamesWithSrcFolder\Chess Games\ChessGame\src\org\lums","obect","obect","2"
"175","2","D:\Downloads\Games\GamesWithSrcFolder\Chess Games\ChessGame\src\org\lums","wqimagenam","wqimagename","2"
"176","2","D:\Downloads\Games\GamesWithSrcFolder\Chess Games\ChessGame\src\org\lums","straightsquar","straightsquares","2"
"177","2","D:\Downloads\Games\GamesWithSrcFolder\Chess Games\ChessGame\src\org\lums","bpimagenam","bpimagename","2"
"178","2","D:\Downloads\Games\GamesWithSrcFolder\Chess Games\ChessGame\src\org\lums","matt","matte","2"
"179","2","D:\Downloads\Games\GamesWithSrcFolder\Chess Games\ChessGame\src\org\lums","entri","entry","2"
"180","2","D:\Downloads\Games\GamesWithSrcFolder\Chess Games\ChessGame\src\org\lums","press","pressed","2"
"181","2","D:\Downloads\Games\GamesWithSrcFolder\Chess Games\ChessGame\src\org\lums","current","current","7"
"182","2","D:\Downloads\Games\GamesWithSrcFolder\Chess Games\ChessGame\src\org\lums","obj","obj","3"
"183","2","D:\Downloads\Games\GamesWithSrcFolder\Chess Games\ChessGame\src\org\lums","manag","manager","3"
"184","2","D:\Downloads\Games\GamesWithSrcFolder\Chess Games\ChessGame\src\org\lums","mate","mateed","3"
"185","2","D:\Downloads\Games\GamesWithSrcFolder\Chess Games\ChessGame\src\org\lums","plai","playing","3"
"186","2","D:\Downloads\Games\GamesWithSrcFolder\Chess Games\ChessGame\src\org\lums","box","box","3"
"187","2","D:\Downloads\Games\GamesWithSrcFolder\Chess Games\ChessGame\src\org\lums","clearsquar","clearsquares","3"
"188","2","D:\Downloads\Games\GamesWithSrcFolder\Chess Games\ChessGame\src\org\lums","pnl","pnl","3"
"189","2","D:\Downloads\Games\GamesWithSrcFolder\Chess Games\ChessGame\src\org\lums","close","closing","3"
"190","2","D:\Downloads\Games\GamesWithSrcFolder\Chess Games\ChessGame\src\org\lums","counter","counter","2"
"191","2","D:\Downloads\Games\GamesWithSrcFolder\Chess Games\ChessGame\src\org\lums","run","run","6"
"192","2","D:\Downloads\Games\GamesWithSrcFolder\Chess Games\ChessGame\src\org\lums","checkmat","checkmate","5"
"193","2","D:\Downloads\Games\GamesWithSrcFolder\Chess Games\ChessGame\src\org\lums","send","send","5"
"194","2","D:\Downloads\Games\GamesWithSrcFolder\Chess Games\ChessGame\src\org\lums","bold","bold","5"
"195","2","D:\Downloads\Games\GamesWithSrcFolder\Chess Games\ChessGame\src\org\lums","piec","piece","4"
"196","2","D:\Downloads\Games\GamesWithSrcFolder\Chess Games\ChessGame\src\org\lums","vertic","vertical","4"
"197","2","D:\Downloads\Games\GamesWithSrcFolder\Chess Games\ChessGame\src\org\lums","output","output","3"
"198","2","D:\Downloads\Games\GamesWithSrcFolder\Chess Games\ChessGame\src\org\lums","rook","rook","3"
"199","2","D:\Downloads\Games\GamesWithSrcFolder\Chess Games\ChessGame\src\org\lums","enabl","enabled","3"
"200","2","D:\Downloads\Games\GamesWithSrcFolder\Chess Games\ChessGame\src\org\lums","horizont","horizontal","3"
"201","3","D:\Downloads\Games\GamesWithSrcFolder\Chess Games\ChessGame0.6\src","oo","oos","10"
"202","3","D:\Downloads\Games\GamesWithSrcFolder\Chess Games\ChessGame0.6\src","ital","italic","6"
"203","3","D:\Downloads\Games\GamesWithSrcFolder\Chess Games\ChessGame0.6\src","toi","toi","5"
"204","3","D:\Downloads\Games\GamesWithSrcFolder\Chess Games\ChessGame0.6\src","free_act","free_active","4"
"205","3","D:\Downloads\Games\GamesWithSrcFolder\Chess Games\ChessGame0.6\src","error","error","4"
"206","3","D:\Downloads\Games\GamesWithSrcFolder\Chess Games\ChessGame0.6\src","guest","guest","3"
"207","3","D:\Downloads\Games\GamesWithSrcFolder\Chess Games\ChessGame0.6\src","start","starts","3"
"208","3","D:\Downloads\Games\GamesWithSrcFolder\Chess Games\ChessGame0.6\src","black","black","3"
"209","3","D:\Downloads\Games\GamesWithSrcFolder\Chess Games\ChessGame0.6\src","obect","obect","2"
"210","3","D:\Downloads\Games\GamesWithSrcFolder\Chess Games\ChessGame0.6\src","runnabl","runnable","2"
"211","3","D:\Downloads\Games\GamesWithSrcFolder\Chess Games\ChessGame0.6\src","radio","radio","4"
"212","3","D:\Downloads\Games\GamesWithSrcFolder\Chess Games\ChessGame0.6\src","step","steps","3"
"213","3","D:\Downloads\Games\GamesWithSrcFolder\Chess Games\ChessGame0.6\src","movepo","movepos","3"
"214","3","D:\Downloads\Games\GamesWithSrcFolder\Chess Games\ChessGame0.6\src","underlin","underline","3"
"215","3","D:\Downloads\Games\GamesWithSrcFolder\Chess Games\ChessGame0.6\src","emoticon","emoticons","2"
"216","3","D:\Downloads\Games\GamesWithSrcFolder\Chess Games\ChessGame0.6\src","click","clicked","2"
"217","3","D:\Downloads\Games\GamesWithSrcFolder\Chess Games\ChessGame0.6\src","stream","stream","2"
"218","3","D:\Downloads\Games\GamesWithSrcFolder\Chess Games\ChessGame0.6\src","arrai","array","2"
"219","3","D:\Downloads\Games\GamesWithSrcFolder\Chess Games\ChessGame0.6\src","network","network","1"
"220","3","D:\Downloads\Games\GamesWithSrcFolder\Chess Games\ChessGame0.6\src","wai","ways","1"
"221","3","D:\Downloads\Games\GamesWithSrcFolder\Chess Games\ChessGame0.6\src","piec","piece","573"
"222","3","D:\Downloads\Games\GamesWithSrcFolder\Chess Games\ChessGame0.6\src","piec","pieces","314"
"223","3","D:\Downloads\Games\GamesWithSrcFolder\Chess Games\ChessGame0.6\src","visual","visual","302"
"224","3","D:\Downloads\Games\GamesWithSrcFolder\Chess Games\ChessGame0.6\src","de","des","271"
"225","3","D:\Downloads\Games\GamesWithSrcFolder\Chess Games\ChessGame0.6\src","chess","chess","266"
"226","3","D:\Downloads\Games\GamesWithSrcFolder\Chess Games\ChessGame0.6\src","po","pos","237"
"227","3","D:\Downloads\Games\GamesWithSrcFolder\Chess Games\ChessGame0.6\src","posit","position","183"
"228","3","D:\Downloads\Games\GamesWithSrcFolder\Chess Games\ChessGame0.6\src","imag","image","178"
"229","3","D:\Downloads\Games\GamesWithSrcFolder\Chess Games\ChessGame0.6\src","chat","chat","150"
"230","3","D:\Downloads\Games\GamesWithSrcFolder\Chess Games\ChessGame0.6\src","color","color","147"
"231","3","D:\Downloads\Games\GamesWithSrcFolder\Chess Games\ChessGame0.6\src","atpo","atpos","7"
"232","3","D:\Downloads\Games\GamesWithSrcFolder\Chess Games\ChessGame0.6\src","style","style","7"
"233","3","D:\Downloads\Games\GamesWithSrcFolder\Chess Games\ChessGame0.6\src","flip","flip","6"
"234","3","D:\Downloads\Games\GamesWithSrcFolder\Chess Games\ChessGame0.6\src","dat","dat","5"
"235","3","D:\Downloads\Games\GamesWithSrcFolder\Chess Games\ChessGame0.6\src","chk","chk","5"
"236","3","D:\Downloads\Games\GamesWithSrcFolder\Chess Games\ChessGame0.6\src","move","moves","5"
"237","3","D:\Downloads\Games\GamesWithSrcFolder\Chess Games\ChessGame0.6\src","bold","bold","5"
"238","3","D:\Downloads\Games\GamesWithSrcFolder\Chess Games\ChessGame0.6\src","movepiec","movepiece","4"
"239","3","D:\Downloads\Games\GamesWithSrcFolder\Chess Games\ChessGame0.6\src","mation","mation","4"
"240","3","D:\Downloads\Games\GamesWithSrcFolder\Chess Games\ChessGame0.6\src","confirm","confirmation","3"
"241","3","D:\Downloads\Games\GamesWithSrcFolder\Chess Games\ChessGame0.6\src","author","author","23"
"242","3","D:\Downloads\Games\GamesWithSrcFolder\Chess Games\ChessGame0.6\src","pnl","pnl","18"
"243","3","D:\Downloads\Games\GamesWithSrcFolder\Chess Games\ChessGame0.6\src","moveabl","moveable","17"
"244","3","D:\Downloads\Games\GamesWithSrcFolder\Chess Games\ChessGame0.6\src","observ","observer","13"
"245","3","D:\Downloads\Games\GamesWithSrcFolder\Chess Games\ChessGame0.6\src","ructor","ructor","13"
"246","3","D:\Downloads\Games\GamesWithSrcFolder\Chess Games\ChessGame0.6\src","atd","atdes","12"
"247","3","D:\Downloads\Games\GamesWithSrcFolder\Chess Games\ChessGame0.6\src","click","clicks","12"
"248","3","D:\Downloads\Games\GamesWithSrcFolder\Chess Games\ChessGame0.6\src","choos","choose","12"
"249","3","D:\Downloads\Games\GamesWithSrcFolder\Chess Games\ChessGame0.6\src","updat","update","12"
"250","3","D:\Downloads\Games\GamesWithSrcFolder\Chess Games\ChessGame0.6\src","castl","castling","10"
"251","3","D:\Downloads\Games\GamesWithSrcFolder\Chess Games\ChessGame0.6\src","stream","stream","63"
"252","3","D:\Downloads\Games\GamesWithSrcFolder\Chess Games\ChessGame0.6\src","piec","piece","58"
"253","3","D:\Downloads\Games\GamesWithSrcFolder\Chess Games\ChessGame0.6\src","graphic","graphics","57"
"254","3","D:\Downloads\Games\GamesWithSrcFolder\Chess Games\ChessGame0.6\src","font","font","53"
"255","3","D:\Downloads\Games\GamesWithSrcFolder\Chess Games\ChessGame0.6\src","pane","pane","45"
"256","3","D:\Downloads\Games\GamesWithSrcFolder\Chess Games\ChessGame0.6\src","allow","allowed","34"
"257","3","D:\Downloads\Games\GamesWithSrcFolder\Chess Games\ChessGame0.6\src","bishop","bishop","34"
"258","3","D:\Downloads\Games\GamesWithSrcFolder\Chess Games\ChessGame0.6\src","output","output","33"
"259","3","D:\Downloads\Games\GamesWithSrcFolder\Chess Games\ChessGame0.6\src","game","game","31"
"260","3","D:\Downloads\Games\GamesWithSrcFolder\Chess Games\ChessGame0.6\src","titl","title","30"
"261","3","D:\Downloads\Games\GamesWithSrcFolder\Chess Games\ChessGame0.6\src","chang","change","9"
"262","3","D:\Downloads\Games\GamesWithSrcFolder\Chess Games\ChessGame0.6\src","save","saves","5"
"263","3","D:\Downloads\Games\GamesWithSrcFolder\Chess Games\ChessGame0.6\src","flow","flow","5"
"264","3","D:\Downloads\Games\GamesWithSrcFolder\Chess Games\ChessGame0.6\src","imag","images","5"
"265","3","D:\Downloads\Games\GamesWithSrcFolder\Chess Games\ChessGame0.6\src","block","blocks","4"
"266","3","D:\Downloads\Games\GamesWithSrcFolder\Chess Games\ChessGame0.6\src","onlin","online","4"
"267","3","D:\Downloads\Games\GamesWithSrcFolder\Chess Games\ChessGame0.6\src","select","selected","4"
"268","3","D:\Downloads\Games\GamesWithSrcFolder\Chess Games\ChessGame0.6\src","hash","hash","4"
"269","3","D:\Downloads\Games\GamesWithSrcFolder\Chess Games\ChessGame0.6\src","dimitri","dimitri","4"
"270","3","D:\Downloads\Games\GamesWithSrcFolder\Chess Games\ChessGame0.6\src","positiond","positiondes","3"
"271","3","D:\Downloads\Games\GamesWithSrcFolder\Chess Games\ChessGame0.6\src","refer","reference","4"
"272","3","D:\Downloads\Games\GamesWithSrcFolder\Chess Games\ChessGame0.6\src","commun","communication","3"
"273","3","D:\Downloads\Games\GamesWithSrcFolder\Chess Games\ChessGame0.6\src","show","show","3"
"274","3","D:\Downloads\Games\GamesWithSrcFolder\Chess Games\ChessGame0.6\src","rook","rook","3"
"275","3","D:\Downloads\Games\GamesWithSrcFolder\Chess Games\ChessGame0.6\src","construct","construct","2"
"276","3","D:\Downloads\Games\GamesWithSrcFolder\Chess Games\ChessGame0.6\src","purpos","purposes","2"
"277","3","D:\Downloads\Games\GamesWithSrcFolder\Chess Games\ChessGame0.6\src","step","step","2"
"278","3","D:\Downloads\Games\GamesWithSrcFolder\Chess Games\ChessGame0.6\src","object","objects","2"
"279","3","D:\Downloads\Games\GamesWithSrcFolder\Chess Games\ChessGame0.6\src","protocol","protocol","2"
"280","3","D:\Downloads\Games\GamesWithSrcFolder\Chess Games\ChessGame0.6\src","ment","ment","2"
"281","3","D:\Downloads\Games\GamesWithSrcFolder\Chess Games\ChessGame0.6\src","dimitri","dimitri","11"
"282","3","D:\Downloads\Games\GamesWithSrcFolder\Chess Games\ChessGame0.6\src","player","players","8"
"283","3","D:\Downloads\Games\GamesWithSrcFolder\Chess Games\ChessGame0.6\src","repres","represent","6"
"284","3","D:\Downloads\Games\GamesWithSrcFolder\Chess Games\ChessGame0.6\src","offset","offset","6"
"285","3","D:\Downloads\Games\GamesWithSrcFolder\Chess Games\ChessGame0.6\src","captur","captured","5"
"286","3","D:\Downloads\Games\GamesWithSrcFolder\Chess Games\ChessGame0.6\src","model","model","4"
"287","3","D:\Downloads\Games\GamesWithSrcFolder\Chess Games\ChessGame0.6\src","activ","active","4"
"288","3","D:\Downloads\Games\GamesWithSrcFolder\Chess Games\ChessGame0.6\src","equal","equal","3"
"289","3","D:\Downloads\Games\GamesWithSrcFolder\Chess Games\ChessGame0.6\src","connect","connected","3"
"290","3","D:\Downloads\Games\GamesWithSrcFolder\Chess Games\ChessGame0.6\src","click","clicked","3"
"291","3","D:\Downloads\Games\GamesWithSrcFolder\Chess Games\ChessGame0.6\src","castl","castle","4"
"292","3","D:\Downloads\Games\GamesWithSrcFolder\Chess Games\ChessGame0.6\src","movep","movep","4"
"293","3","D:\Downloads\Games\GamesWithSrcFolder\Chess Games\ChessGame0.6\src","length","length","4"
"294","3","D:\Downloads\Games\GamesWithSrcFolder\Chess Games\ChessGame0.6\src","remov","remove","4"
"295","3","D:\Downloads\Games\GamesWithSrcFolder\Chess Games\ChessGame0.6\src","dispos","dispose","4"
"296","3","D:\Downloads\Games\GamesWithSrcFolder\Chess Games\ChessGame0.6\src","inet","inet","3"
"297","3","D:\Downloads\Games\GamesWithSrcFolder\Chess Games\ChessGame0.6\src","grai","gray","3"
"298","3","D:\Downloads\Games\GamesWithSrcFolder\Chess Games\ChessGame0.6\src","msg","msg","3"
"299","3","D:\Downloads\Games\GamesWithSrcFolder\Chess Games\ChessGame0.6\src","player","players","3"
"300","3","D:\Downloads\Games\GamesWithSrcFolder\Chess Games\ChessGame0.6\src","rook","rook","3"
"301","3","D:\Downloads\Games\GamesWithSrcFolder\Chess Games\ChessGame0.6\src","view","view","24"
"395","4","D:\Downloads\Games\GamesWithSrcFolder\Chess Games\ChessGameFS\ChessGame\src","resourc","resource","7"
"396","4","D:\Downloads\Games\GamesWithSrcFolder\Chess Games\ChessGameFS\ChessGame\src","filter","filter","5"
"397","4","D:\Downloads\Games\GamesWithSrcFolder\Chess Games\ChessGameFS\ChessGame\src","componentsi","componentsi","3"
"398","4","D:\Downloads\Games\GamesWithSrcFolder\Chess Games\ChessGameFS\ChessGame\src","detect","detects","3"
"399","4","D:\Downloads\Games\GamesWithSrcFolder\Chess Games\ChessGameFS\ChessGame\src","addact","addactive","2"
"400","4","D:\Downloads\Games\GamesWithSrcFolder\Chess Games\ChessGameFS\ChessGame\src","screen","screen","2"
"401","4","D:\Downloads\Games\GamesWithSrcFolder\Chess Games\ChessGameFS\ChessGame\src","fom","fom","2"
"402","4","D:\Downloads\Games\GamesWithSrcFolder\Chess Games\ChessGameFS\ChessGame\src","socket","socket","2"
"403","4","D:\Downloads\Games\GamesWithSrcFolder\Chess Games\ChessGameFS\ChessGame\src","initi","initializes","2"
"404","4","D:\Downloads\Games\GamesWithSrcFolder\Chess Games\ChessGameFS\ChessGame\src","tab","tab","2"
"405","4","D:\Downloads\Games\GamesWithSrcFolder\Chess Games\ChessGameFS\ChessGame\src","size","size","13"
"406","4","D:\Downloads\Games\GamesWithSrcFolder\Chess Games\ChessGameFS\ChessGame\src","creat","creates","10"
"407","4","D:\Downloads\Games\GamesWithSrcFolder\Chess Games\ChessGameFS\ChessGame\src","type","type","9"
"408","4","D:\Downloads\Games\GamesWithSrcFolder\Chess Games\ChessGameFS\ChessGame\src","pnl","pnl","9"
"409","4","D:\Downloads\Games\GamesWithSrcFolder\Chess Games\ChessGameFS\ChessGame\src","hash","hash","7"
"410","4","D:\Downloads\Games\GamesWithSrcFolder\Chess Games\ChessGameFS\ChessGame\src","gener","generated","6"
"411","4","D:\Downloads\Games\GamesWithSrcFolder\Chess Games\ChessGameFS\ChessGame\src","properti","properties","6"
"412","4","D:\Downloads\Games\GamesWithSrcFolder\Chess Games\ChessGameFS\ChessGame\src","limit","limit","4"
"413","4","D:\Downloads\Games\GamesWithSrcFolder\Chess Games\ChessGameFS\ChessGame\src","piecechess","piecechess","4"
"414","4","D:\Downloads\Games\GamesWithSrcFolder\Chess Games\ChessGameFS\ChessGame\src","trim","trim","4"
"415","4","D:\Downloads\Games\GamesWithSrcFolder\Chess Games\ChessGameFS\ChessGame\src","east","east","25"
"416","4","D:\Downloads\Games\GamesWithSrcFolder\Chess Games\ChessGameFS\ChessGame\src","author","author","19"
"417","4","D:\Downloads\Games\GamesWithSrcFolder\Chess Games\ChessGameFS\ChessGame\src","left","left","15"
"418","4","D:\Downloads\Games\GamesWithSrcFolder\Chess Games\ChessGameFS\ChessGame\src","chk","chk","13"
"419","4","D:\Downloads\Games\GamesWithSrcFolder\Chess Games\ChessGameFS\ChessGame\src","prioriti","priority","13"
"420","4","D:\Downloads\Games\GamesWithSrcFolder\Chess Games\ChessGameFS\ChessGame\src","item","item","12"
"421","4","D:\Downloads\Games\GamesWithSrcFolder\Chess Games\ChessGameFS\ChessGame\src","check","check","12"
"422","4","D:\Downloads\Games\GamesWithSrcFolder\Chess Games\ChessGameFS\ChessGame\src","chang","changed","11"
"423","4","D:\Downloads\Games\GamesWithSrcFolder\Chess Games\ChessGameFS\ChessGame\src","costum","costum","11"
"424","4","D:\Downloads\Games\GamesWithSrcFolder\Chess Games\ChessGameFS\ChessGame\src","equal","equal","10"
"425","4","D:\Downloads\Games\GamesWithSrcFolder\Chess Games\ChessGameFS\ChessGame\src","press","pressed","6"
"426","4","D:\Downloads\Games\GamesWithSrcFolder\Chess Games\ChessGameFS\ChessGame\src","updat","update","5"
"427","4","D:\Downloads\Games\GamesWithSrcFolder\Chess Games\ChessGameFS\ChessGame\src","creat","create","5"
"428","4","D:\Downloads\Games\GamesWithSrcFolder\Chess Games\ChessGameFS\ChessGame\src","reader","reader","3"
"429","4","D:\Downloads\Games\GamesWithSrcFolder\Chess Games\ChessGameFS\ChessGame\src","sort","sort","3"
"430","4","D:\Downloads\Games\GamesWithSrcFolder\Chess Games\ChessGameFS\ChessGame\src","back","back","3"
"431","4","D:\Downloads\Games\GamesWithSrcFolder\Chess Games\ChessGameFS\ChessGame\src","label","label","3"
"432","4","D:\Downloads\Games\GamesWithSrcFolder\Chess Games\ChessGameFS\ChessGame\src","loop","loop","3"
"433","4","D:\Downloads\Games\GamesWithSrcFolder\Chess Games\ChessGameFS\ChessGame\src","set","set","3"
"434","4","D:\Downloads\Games\GamesWithSrcFolder\Chess Games\ChessGameFS\ChessGame\src","foreground","foreground","3"
"435","4","D:\Downloads\Games\GamesWithSrcFolder\Chess Games\ChessGameFS\ChessGame\src","graphic","graphics","15"
"436","4","D:\Downloads\Games\GamesWithSrcFolder\Chess Games\ChessGameFS\ChessGame\src","stop","stop","13"
"437","4","D:\Downloads\Games\GamesWithSrcFolder\Chess Games\ChessGameFS\ChessGame\src","win","win","13"
"438","4","D:\Downloads\Games\GamesWithSrcFolder\Chess Games\ChessGameFS\ChessGame\src","number","number","12"
"439","4","D:\Downloads\Games\GamesWithSrcFolder\Chess Games\ChessGameFS\ChessGame\src","server","server","10"
"440","4","D:\Downloads\Games\GamesWithSrcFolder\Chess Games\ChessGameFS\ChessGame\src","click","click","10"
"441","4","D:\Downloads\Games\GamesWithSrcFolder\Chess Games\ChessGameFS\ChessGame\src","plai","play","9"
"442","4","D:\Downloads\Games\GamesWithSrcFolder\Chess Games\ChessGameFS\ChessGame\src","save","saved","7"
"443","4","D:\Downloads\Games\GamesWithSrcFolder\Chess Games\ChessGameFS\ChessGame\src","ital","italic","7"
"444","4","D:\Downloads\Games\GamesWithSrcFolder\Chess Games\ChessGameFS\ChessGame\src","arrai","array","7"
"445","4","D:\Downloads\Games\GamesWithSrcFolder\Chess Games\ChessGameFS\ChessGame\src","piec","pieces","784"
"446","4","D:\Downloads\Games\GamesWithSrcFolder\Chess Games\ChessGameFS\ChessGame\src","activ","active","619"
"447","4","D:\Downloads\Games\GamesWithSrcFolder\Chess Games\ChessGameFS\ChessGame\src","color","color","330"
"448","4","D:\Downloads\Games\GamesWithSrcFolder\Chess Games\ChessGameFS\ChessGame\src","yth","yth","321"
"449","4","D:\Downloads\Games\GamesWithSrcFolder\Chess Games\ChessGameFS\ChessGame\src","board","board","289"
"450","4","D:\Downloads\Games\GamesWithSrcFolder\Chess Games\ChessGameFS\ChessGame\src","visual","visual","202"
"451","4","D:\Downloads\Games\GamesWithSrcFolder\Chess Games\ChessGameFS\ChessGame\src","chess","chess","179"
"452","4","D:\Downloads\Games\GamesWithSrcFolder\Chess Games\ChessGameFS\ChessGame\src","posit","position","153"
"453","4","D:\Downloads\Games\GamesWithSrcFolder\Chess Games\ChessGameFS\ChessGame\src","player","player","147"
"454","4","D:\Downloads\Games\GamesWithSrcFolder\Chess Games\ChessGameFS\ChessGame\src","game","game","142"
"455","4","D:\Downloads\Games\GamesWithSrcFolder\Chess Games\ChessGameFS\ChessGame\src","prompt","prompt","6"
"456","4","D:\Downloads\Games\GamesWithSrcFolder\Chess Games\ChessGameFS\ChessGame\src","hour","hours","6"
"457","4","D:\Downloads\Games\GamesWithSrcFolder\Chess Games\ChessGameFS\ChessGame\src","king","king","5"
"458","4","D:\Downloads\Games\GamesWithSrcFolder\Chess Games\ChessGameFS\ChessGame\src","inherit","inherited","4"
"459","4","D:\Downloads\Games\GamesWithSrcFolder\Chess Games\ChessGameFS\ChessGame\src","content","content","4"
"460","4","D:\Downloads\Games\GamesWithSrcFolder\Chess Games\ChessGameFS\ChessGame\src","origin","original","3"
"461","4","D:\Downloads\Games\GamesWithSrcFolder\Chess Games\ChessGameFS\ChessGame\src","width","width","3"
"462","4","D:\Downloads\Games\GamesWithSrcFolder\Chess Games\ChessGameFS\ChessGame\src","onlin","online","3"
"463","4","D:\Downloads\Games\GamesWithSrcFolder\Chess Games\ChessGameFS\ChessGame\src","execut","executed","3"
"464","4","D:\Downloads\Games\GamesWithSrcFolder\Chess Games\ChessGameFS\ChessGame\src","titl","title","3"
"465","4","D:\Downloads\Games\GamesWithSrcFolder\Chess Games\ChessGameFS\ChessGame\src","execut","execute","14"
"466","4","D:\Downloads\Games\GamesWithSrcFolder\Chess Games\ChessGameFS\ChessGame\src","socket","socket","6"
"467","4","D:\Downloads\Games\GamesWithSrcFolder\Chess Games\ChessGameFS\ChessGame\src","select","select","5"
"468","4","D:\Downloads\Games\GamesWithSrcFolder\Chess Games\ChessGameFS\ChessGame\src","inet","inet","5"
"469","4","D:\Downloads\Games\GamesWithSrcFolder\Chess Games\ChessGameFS\ChessGame\src","compar","compare","5"
"470","4","D:\Downloads\Games\GamesWithSrcFolder\Chess Games\ChessGameFS\ChessGame\src","caret","caret","5"
"471","4","D:\Downloads\Games\GamesWithSrcFolder\Chess Games\ChessGameFS\ChessGame\src","condit","conditions","4"
"472","4","D:\Downloads\Games\GamesWithSrcFolder\Chess Games\ChessGameFS\ChessGame\src","horizont","horizontal","4"
"473","4","D:\Downloads\Games\GamesWithSrcFolder\Chess Games\ChessGameFS\ChessGame\src","receiv","receives","4"
"474","4","D:\Downloads\Games\GamesWithSrcFolder\Chess Games\ChessGameFS\ChessGame\src","ption","ptions","3"
"475","4","D:\Downloads\Games\GamesWithSrcFolder\Chess Games\ChessGameFS\ChessGame\src","ump","umping","9"
"476","4","D:\Downloads\Games\GamesWithSrcFolder\Chess Games\ChessGameFS\ChessGame\src","packet","packet","7"
"477","4","D:\Downloads\Games\GamesWithSrcFolder\Chess Games\ChessGameFS\ChessGame\src","restart","restart","7"
"478","4","D:\Downloads\Games\GamesWithSrcFolder\Chess Games\ChessGameFS\ChessGame\src","address","address","5"
"479","4","D:\Downloads\Games\GamesWithSrcFolder\Chess Games\ChessGameFS\ChessGame\src","swing","swing","5"
"480","4","D:\Downloads\Games\GamesWithSrcFolder\Chess Games\ChessGameFS\ChessGame\src","moveablepi","moveablepi","4"
"481","4","D:\Downloads\Games\GamesWithSrcFolder\Chess Games\ChessGameFS\ChessGame\src","redraw","redraw","4"
"482","4","D:\Downloads\Games\GamesWithSrcFolder\Chess Games\ChessGameFS\ChessGame\src","posit","position","4"
"483","4","D:\Downloads\Games\GamesWithSrcFolder\Chess Games\ChessGameFS\ChessGame\src","enabl","enable","3"
"484","4","D:\Downloads\Games\GamesWithSrcFolder\Chess Games\ChessGameFS\ChessGame\src","cmputer","cmputer","3"
"485","4","D:\Downloads\Games\GamesWithSrcFolder\Chess Games\ChessGameFS\ChessGame\src","piec","piece","528"
"486","4","D:\Downloads\Games\GamesWithSrcFolder\Chess Games\ChessGameFS\ChessGame\src","view","view","200"
"487","4","D:\Downloads\Games\GamesWithSrcFolder\Chess Games\ChessGameFS\ChessGame\src","coloryth","coloryth","131"
"488","4","D:\Downloads\Games\GamesWithSrcFolder\Chess Games\ChessGameFS\ChessGame\src","chat","chat","131"
"489","4","D:\Downloads\Games\GamesWithSrcFolder\Chess Games\ChessGameFS\ChessGame\src","add","add","131"
"490","4","D:\Downloads\Games\GamesWithSrcFolder\Chess Games\ChessGameFS\ChessGame\src","move","move","103"
"491","4","D:\Downloads\Games\GamesWithSrcFolder\Chess Games\ChessGameFS\ChessGame\src","set","set","94"
"492","4","D:\Downloads\Games\GamesWithSrcFolder\Chess Games\ChessGameFS\ChessGame\src","pane","pane","93"
"493","4","D:\Downloads\Games\GamesWithSrcFolder\Chess Games\ChessGameFS\ChessGame\src","white","white","65"
"494","4","D:\Downloads\Games\GamesWithSrcFolder\Chess Games\ChessGameFS\ChessGame\src","black","black","64"
"495","5","D:\Downloads\Games\GamesWithSrcFolder\Games-master\Sudoku-JavaGUI\src","sol","sols","7"
"496","5","D:\Downloads\Games\GamesWithSrcFolder\Games-master\Sudoku-JavaGUI\src","mous","mouse","7"
"497","5","D:\Downloads\Games\GamesWithSrcFolder\Games-master\Sudoku-JavaGUI\src","m_solut","m_solution","6"
"498","5","D:\Downloads\Games\GamesWithSrcFolder\Games-master\Sudoku-JavaGUI\src","toggl","toggle","5"
"499","5","D:\Downloads\Games\GamesWithSrcFolder\Games-master\Sudoku-JavaGUI\src","page","page","3"
"500","5","D:\Downloads\Games\GamesWithSrcFolder\Games-master\Sudoku-JavaGUI\src","solut","solutions","3"
"501","5","D:\Downloads\Games\GamesWithSrcFolder\Games-master\Sudoku-JavaGUI\src","select","selected","3"
"502","5","D:\Downloads\Games\GamesWithSrcFolder\Games-master\Sudoku-JavaGUI\src","feel","feel","2"
"503","5","D:\Downloads\Games\GamesWithSrcFolder\Games-master\Sudoku-JavaGUI\src","construct","constructs","2"
"504","5","D:\Downloads\Games\GamesWithSrcFolder\Games-master\Sudoku-JavaGUI\src","observ","observer","2"
"505","5","D:\Downloads\Games\GamesWithSrcFolder\Games-master\Sudoku-JavaGUI\src","builder","builder","2"
"506","5","D:\Downloads\Games\GamesWithSrcFolder\Games-master\Sudoku-JavaGUI\src","feel","feel","1"
"507","5","D:\Downloads\Games\GamesWithSrcFolder\Games-master\Sudoku-JavaGUI\src","send","sends","1"
"508","5","D:\Downloads\Games\GamesWithSrcFolder\Games-master\Sudoku-JavaGUI\src","compon","component","1"
"509","5","D:\Downloads\Games\GamesWithSrcFolder\Games-master\Sudoku-JavaGUI\src","game","game","129"
"510","5","D:\Downloads\Games\GamesWithSrcFolder\Games-master\Sudoku-JavaGUI\src","item","item","72"
"511","5","D:\Downloads\Games\GamesWithSrcFolder\Games-master\Sudoku-JavaGUI\src","level","level","60"
"512","5","D:\Downloads\Games\GamesWithSrcFolder\Games-master\Sudoku-JavaGUI\src","control","controller","53"
"513","5","D:\Downloads\Games\GamesWithSrcFolder\Games-master\Sudoku-JavaGUI\src","action","action","43"
"514","5","D:\Downloads\Games\GamesWithSrcFolder\Games-master\Sudoku-JavaGUI\src","solut","solution","37"
"515","5","D:\Downloads\Games\GamesWithSrcFolder\Games-master\Sudoku-JavaGUI\src","button","button","32"
"516","5","D:\Downloads\Games\GamesWithSrcFolder\Games-master\Sudoku-JavaGUI\src","number","number","29"
"517","5","D:\Downloads\Games\GamesWithSrcFolder\Games-master\Sudoku-JavaGUI\src","add","add","28"
"518","5","D:\Downloads\Games\GamesWithSrcFolder\Games-master\Sudoku-JavaGUI\src","param","param","20"
"519","5","D:\Downloads\Games\GamesWithSrcFolder\Games-master\Sudoku-JavaGUI\src","uid","uid","6"
"520","5","D:\Downloads\Games\GamesWithSrcFolder\Games-master\Sudoku-JavaGUI\src","input","input","4"
"521","5","D:\Downloads\Games\GamesWithSrcFolder\Games-master\Sudoku-JavaGUI\src","addm","addm","3"
"522","5","D:\Downloads\Games\GamesWithSrcFolder\Games-master\Sudoku-JavaGUI\src","addm_rb","addm_rb","2"
"523","5","D:\Downloads\Games\GamesWithSrcFolder\Games-master\Sudoku-JavaGUI\src","human","human","2"
"524","5","D:\Downloads\Games\GamesWithSrcFolder\Games-master\Sudoku-JavaGUI\src","num","num","2"
"525","5","D:\Downloads\Games\GamesWithSrcFolder\Games-master\Sudoku-JavaGUI\src","add","adds","2"
"526","5","D:\Downloads\Games\GamesWithSrcFolder\Games-master\Sudoku-JavaGUI\src","m_cb","m_cb","2"
"527","5","D:\Downloads\Games\GamesWithSrcFolder\Games-master\Sudoku-JavaGUI\src","draw","draws","2"
"528","5","D:\Downloads\Games\GamesWithSrcFolder\Games-master\Sudoku-JavaGUI\src","south","south","2"
"529","5","D:\Downloads\Games\GamesWithSrcFolder\Games-master\Sudoku-JavaGUI\src","radio","radio","6"
"530","5","D:\Downloads\Games\GamesWithSrcFolder\Games-master\Sudoku-JavaGUI\src","ruct","ruct","6"
"531","5","D:\Downloads\Games\GamesWithSrcFolder\Games-master\Sudoku-JavaGUI\src","separ","separator","4"
"532","5","D:\Downloads\Games\GamesWithSrcFolder\Games-master\Sudoku-JavaGUI\src","hard","hard","4"
"533","5","D:\Downloads\Games\GamesWithSrcFolder\Games-master\Sudoku-JavaGUI\src","alter","alter","3"
"534","5","D:\Downloads\Games\GamesWithSrcFolder\Games-master\Sudoku-JavaGUI\src","sol","sols","3"
"535","5","D:\Downloads\Games\GamesWithSrcFolder\Games-master\Sudoku-JavaGUI\src","main","main","2"
"536","5","D:\Downloads\Games\GamesWithSrcFolder\Games-master\Sudoku-JavaGUI\src","titl","titled","2"
"537","5","D:\Downloads\Games\GamesWithSrcFolder\Games-master\Sudoku-JavaGUI\src","align","align","2"
"538","5","D:\Downloads\Games\GamesWithSrcFolder\Games-master\Sudoku-JavaGUI\src","model","model","2"
"539","5","D:\Downloads\Games\GamesWithSrcFolder\Games-master\Sudoku-JavaGUI\src","warn","warnings","3"
"540","5","D:\Downloads\Games\GamesWithSrcFolder\Games-master\Sudoku-JavaGUI\src","manag","manager","2"
"541","5","D:\Downloads\Games\GamesWithSrcFolder\Games-master\Sudoku-JavaGUI\src","line","line","2"
"542","5","D:\Downloads\Games\GamesWithSrcFolder\Games-master\Sudoku-JavaGUI\src","factori","factory","2"
"543","5","D:\Downloads\Games\GamesWithSrcFolder\Games-master\Sudoku-JavaGUI\src","show","show","2"
"544","5","D:\Downloads\Games\GamesWithSrcFolder\Games-master\Sudoku-JavaGUI\src","med","med","2"
"545","5","D:\Downloads\Games\GamesWithSrcFolder\Games-master\Sudoku-JavaGUI\src","candid","candidate","1"
"546","5","D:\Downloads\Games\GamesWithSrcFolder\Games-master\Sudoku-JavaGUI\src","m_helpitem","m_helpitem","1"
"547","5","D:\Downloads\Games\GamesWithSrcFolder\Games-master\Sudoku-JavaGUI\src","actionarg","actionarg","1"
"548","5","D:\Downloads\Games\GamesWithSrcFolder\Games-master\Sudoku-JavaGUI\src","descript","descriptions","1"
"549","5","D:\Downloads\Games\GamesWithSrcFolder\Games-master\Sudoku-JavaGUI\src","layout","layout","4"
"550","5","D:\Downloads\Games\GamesWithSrcFolder\Games-master\Sudoku-JavaGUI\src","titl","title","4"
"551","5","D:\Downloads\Games\GamesWithSrcFolder\Games-master\Sudoku-JavaGUI\src","border","border","3"
"552","5","D:\Downloads\Games\GamesWithSrcFolder\Games-master\Sudoku-JavaGUI\src","init","init","3"
"553","5","D:\Downloads\Games\GamesWithSrcFolder\Games-master\Sudoku-JavaGUI\src","posit","position","3"
"554","5","D:\Downloads\Games\GamesWithSrcFolder\Games-master\Sudoku-JavaGUI\src","exit","exit","3"
"555","5","D:\Downloads\Games\GamesWithSrcFolder\Games-master\Sudoku-JavaGUI\src","box","box","3"
"556","5","D:\Downloads\Games\GamesWithSrcFolder\Games-master\Sudoku-JavaGUI\src","react","reacts","2"
"557","5","D:\Downloads\Games\GamesWithSrcFolder\Games-master\Sudoku-JavaGUI\src","add","add","2"
"558","5","D:\Downloads\Games\GamesWithSrcFolder\Games-master\Sudoku-JavaGUI\src","command","command","2"
"559","5","D:\Downloads\Games\GamesWithSrcFolder\Games-master\Sudoku-JavaGUI\src","version","version","7"
"560","5","D:\Downloads\Games\GamesWithSrcFolder\Games-master\Sudoku-JavaGUI\src","event","event","7"
"561","5","D:\Downloads\Games\GamesWithSrcFolder\Games-master\Sudoku-JavaGUI\src","pane","pane","5"
"562","5","D:\Downloads\Games\GamesWithSrcFolder\Games-master\Sudoku-JavaGUI\src","messag","message","4"
"563","5","D:\Downloads\Games\GamesWithSrcFolder\Games-master\Sudoku-JavaGUI\src","arg","arg","3"
"564","5","D:\Downloads\Games\GamesWithSrcFolder\Games-master\Sudoku-JavaGUI\src","close","close","3"
"565","5","D:\Downloads\Games\GamesWithSrcFolder\Games-master\Sudoku-JavaGUI\src","number","number","3"
"566","5","D:\Downloads\Games\GamesWithSrcFolder\Games-master\Sudoku-JavaGUI\src","unimpl","unimplemented","3"
"567","5","D:\Downloads\Games\GamesWithSrcFolder\Games-master\Sudoku-JavaGUI\src","combo","combo","3"
"568","5","D:\Downloads\Games\GamesWithSrcFolder\Games-master\Sudoku-JavaGUI\src","ken","ken","3"
"569","5","D:\Downloads\Games\GamesWithSrcFolder\Games-master\Sudoku-JavaGUI\src","m_rb","m_rb","2"
"570","5","D:\Downloads\Games\GamesWithSrcFolder\Games-master\Sudoku-JavaGUI\src","dimens","dimension","2"
"571","5","D:\Downloads\Games\GamesWithSrcFolder\Games-master\Sudoku-JavaGUI\src","foreground","foreground","2"
"572","5","D:\Downloads\Games\GamesWithSrcFolder\Games-master\Sudoku-JavaGUI\src","hold","holding","1"
"573","5","D:\Downloads\Games\GamesWithSrcFolder\Games-master\Sudoku-JavaGUI\src","menubar","menubar","1"
"574","5","D:\Downloads\Games\GamesWithSrcFolder\Games-master\Sudoku-JavaGUI\src","addm_helpitem","addm_helpitem","1"
"575","5","D:\Downloads\Games\GamesWithSrcFolder\Games-master\Sudoku-JavaGUI\src","addgamemenu","addgamemenu","1"
"576","5","D:\Downloads\Games\GamesWithSrcFolder\Games-master\Sudoku-JavaGUI\src","separ","separator","1"
"577","5","D:\Downloads\Games\GamesWithSrcFolder\Games-master\Sudoku-JavaGUI\src","input","input","1"
"578","5","D:\Downloads\Games\GamesWithSrcFolder\Games-master\Sudoku-JavaGUI\src","select","selection","1"
"579","5","D:\Downloads\Games\GamesWithSrcFolder\Games-master\Sudoku-JavaGUI\src","m_pnl","m_pnl","3"
"580","5","D:\Downloads\Games\GamesWithSrcFolder\Games-master\Sudoku-JavaGUI\src","model","model","3"
"581","5","D:\Downloads\Games\GamesWithSrcFolder\Games-master\Sudoku-JavaGUI\src","suppress","suppress","3"
"582","5","D:\Downloads\Games\GamesWithSrcFolder\Games-master\Sudoku-JavaGUI\src","set","sets","2"
"583","5","D:\Downloads\Games\GamesWithSrcFolder\Games-master\Sudoku-JavaGUI\src","show","show","2"
"584","5","D:\Downloads\Games\GamesWithSrcFolder\Games-master\Sudoku-JavaGUI\src","sourc","source","2"
"585","5","D:\Downloads\Games\GamesWithSrcFolder\Games-master\Sudoku-JavaGUI\src","red","red","1"
"586","5","D:\Downloads\Games\GamesWithSrcFolder\Games-master\Sudoku-JavaGUI\src","white","white","1"
"587","5","D:\Downloads\Games\GamesWithSrcFolder\Games-master\Sudoku-JavaGUI\src","background","background","1"
"588","5","D:\Downloads\Games\GamesWithSrcFolder\Games-master\Sudoku-JavaGUI\src","candid","candidate","1"
"589","6","D:\Downloads\Games\GamesWithSrcFolder\Board-Games-master\src","count","count","30"
"590","6","D:\Downloads\Games\GamesWithSrcFolder\Board-Games-master\src","piecesij","piecesij","26"
"591","6","D:\Downloads\Games\GamesWithSrcFolder\Board-Games-master\src","highlight","highlighted","17"
"592","6","D:\Downloads\Games\GamesWithSrcFolder\Board-Games-master\src","block","block","16"
"593","6","D:\Downloads\Games\GamesWithSrcFolder\Board-Games-master\src","imag","image","15"
"594","6","D:\Downloads\Games\GamesWithSrcFolder\Board-Games-master\src","color","color","14"
"595","6","D:\Downloads\Games\GamesWithSrcFolder\Board-Games-master\src","block","blocked","12"
"596","6","D:\Downloads\Games\GamesWithSrcFolder\Board-Games-master\src","frame","frame","12"
"597","6","D:\Downloads\Games\GamesWithSrcFolder\Board-Games-master\src","stack","stack","10"
"598","6","D:\Downloads\Games\GamesWithSrcFolder\Board-Games-master\src","png","png","10"
"599","6","D:\Downloads\Games\GamesWithSrcFolder\Board-Games-master\src","col","col","420"
"600","6","D:\Downloads\Games\GamesWithSrcFolder\Board-Games-master\src","row","row","410"
"601","6","D:\Downloads\Games\GamesWithSrcFolder\Board-Games-master\src","board","board","212"
"602","6","D:\Downloads\Games\GamesWithSrcFolder\Board-Games-master\src","piec","piece","115"
"603","6","D:\Downloads\Games\GamesWithSrcFolder\Board-Games-master\src","move","move","83"
"604","6","D:\Downloads\Games\GamesWithSrcFolder\Board-Games-master\src","chess","chess","83"
"605","6","D:\Downloads\Games\GamesWithSrcFolder\Board-Games-master\src","color","color","73"
"606","6","D:\Downloads\Games\GamesWithSrcFolder\Board-Games-master\src","add","add","53"
"607","6","D:\Downloads\Games\GamesWithSrcFolder\Board-Games-master\src","piec","pieces","50"
"608","6","D:\Downloads\Games\GamesWithSrcFolder\Board-Games-master\src","pawn","pawn","42"
"609","6","D:\Downloads\Games\GamesWithSrcFolder\Board-Games-master\src","resourc","resource","8"
"610","6","D:\Downloads\Games\GamesWithSrcFolder\Board-Games-master\src","arg","arg","8"
"611","6","D:\Downloads\Games\GamesWithSrcFolder\Board-Games-master\src","occup","occupant","7"
"612","6","D:\Downloads\Games\GamesWithSrcFolder\Board-Games-master\src","graphic","graphics","6"
"613","6","D:\Downloads\Games\GamesWithSrcFolder\Board-Games-master\src","clear","clear","5"
"614","6","D:\Downloads\Games\GamesWithSrcFolder\Board-Games-master\src","move","moved","4"
"615","6","D:\Downloads\Games\GamesWithSrcFolder\Board-Games-master\src","drag","drag","3"
"616","6","D:\Downloads\Games\GamesWithSrcFolder\Board-Games-master\src","bishop","bishops","3"
"617","6","D:\Downloads\Games\GamesWithSrcFolder\Board-Games-master\src","attack","attacked","2"
"618","6","D:\Downloads\Games\GamesWithSrcFolder\Board-Games-master\src","checkboard","checkboard","2"
"619","6","D:\Downloads\Games\GamesWithSrcFolder\Board-Games-master\src","trace","trace","12"
"620","6","D:\Downloads\Games\GamesWithSrcFolder\Board-Games-master\src","mous","mouse","8"
"621","6","D:\Downloads\Games\GamesWithSrcFolder\Board-Games-master\src","slope","slope","6"
"622","6","D:\Downloads\Games\GamesWithSrcFolder\Board-Games-master\src","piecesi","piecesi","4"
"623","6","D:\Downloads\Games\GamesWithSrcFolder\Board-Games-master\src","pane","pane","3"
"624","6","D:\Downloads\Games\GamesWithSrcFolder\Board-Games-master\src","poissant","poissant","3"
"625","6","D:\Downloads\Games\GamesWithSrcFolder\Board-Games-master\src","attack","attacked","3"
"626","6","D:\Downloads\Games\GamesWithSrcFolder\Board-Games-master\src","compon","component","3"
"627","6","D:\Downloads\Games\GamesWithSrcFolder\Board-Games-master\src","pawn","pawns","3"
"628","6","D:\Downloads\Games\GamesWithSrcFolder\Board-Games-master\src","move","moved","3"
"629","6","D:\Downloads\Games\GamesWithSrcFolder\Board-Games-master\src","invalid","invalid","3"
"630","6","D:\Downloads\Games\GamesWithSrcFolder\Board-Games-master\src","horizont","horizontally","1"
"631","6","D:\Downloads\Games\GamesWithSrcFolder\Board-Games-master\src","rowi","rowi","1"
"632","6","D:\Downloads\Games\GamesWithSrcFolder\Board-Games-master\src","qqqqqqqqqqqqqqqqq","qqqqqqqqqqqqqqqqq","1"
"633","6","D:\Downloads\Games\GamesWithSrcFolder\Board-Games-master\src","rookboard","rookboard","1"
"634","6","D:\Downloads\Games\GamesWithSrcFolder\Board-Games-master\src","readinput","readinput","1"
"635","6","D:\Downloads\Games\GamesWithSrcFolder\Board-Games-master\src","method","method","1"
"636","6","D:\Downloads\Games\GamesWithSrcFolder\Board-Games-master\src","winner","winner","1"
"637","6","D:\Downloads\Games\GamesWithSrcFolder\Board-Games-master\src","ener","ener","1"
"638","6","D:\Downloads\Games\GamesWithSrcFolder\Board-Games-master\src","rookpiecesrc","rookpiecesrc","1"
"639","6","D:\Downloads\Games\GamesWithSrcFolder\Board-Games-master\src","receiv","receives","4"
"640","6","D:\Downloads\Games\GamesWithSrcFolder\Board-Games-master\src","option","options","3"
"641","6","D:\Downloads\Games\GamesWithSrcFolder\Board-Games-master\src","attack","attacked","3"
"642","6","D:\Downloads\Games\GamesWithSrcFolder\Board-Games-master\src","game","game","3"
"643","6","D:\Downloads\Games\GamesWithSrcFolder\Board-Games-master\src","board","board","3"
"644","6","D:\Downloads\Games\GamesWithSrcFolder\Board-Games-master\src","row&&c","row&&c","2"
"645","6","D:\Downloads\Games\GamesWithSrcFolder\Board-Games-master\src","boardij","boardij","2"
"646","6","D:\Downloads\Games\GamesWithSrcFolder\Board-Games-master\src","size","size","2"
"647","6","D:\Downloads\Games\GamesWithSrcFolder\Board-Games-master\src","toggl","toggles","2"
"648","6","D:\Downloads\Games\GamesWithSrcFolder\Board-Games-master\src","cell","cells","2"
"649","6","D:\Downloads\Games\GamesWithSrcFolder\Board-Games-master\src","loc","loc","2"
"650","6","D:\Downloads\Games\GamesWithSrcFolder\Board-Games-master\src","frame","frame","2"
"651","6","D:\Downloads\Games\GamesWithSrcFolder\Board-Games-master\src","neighbor","neighbors","2"
"652","6","D:\Downloads\Games\GamesWithSrcFolder\Board-Games-master\src","locat","location","2"
"653","6","D:\Downloads\Games\GamesWithSrcFolder\Board-Games-master\src","adjac","adjacent","1"
"654","6","D:\Downloads\Games\GamesWithSrcFolder\Board-Games-master\src","hasnt","hasnt","1"
"655","6","D:\Downloads\Games\GamesWithSrcFolder\Board-Games-master\src","imag","image","1"
"656","6","D:\Downloads\Games\GamesWithSrcFolder\Board-Games-master\src","piec","pieces","1"
"657","6","D:\Downloads\Games\GamesWithSrcFolder\Board-Games-master\src","boundsrow","boundsrow","1"
"658","6","D:\Downloads\Games\GamesWithSrcFolder\Board-Games-master\src","it'","it's","1"
"659","6","D:\Downloads\Games\GamesWithSrcFolder\Board-Games-master\src","spot","spot","7"
"660","6","D:\Downloads\Games\GamesWithSrcFolder\Board-Games-master\src","posit","position","5"
"661","6","D:\Downloads\Games\GamesWithSrcFolder\Board-Games-master\src","bi","bis","3"
"662","6","D:\Downloads\Games\GamesWithSrcFolder\Board-Games-master\src","c-old","c-old","2"
"663","6","D:\Downloads\Games\GamesWithSrcFolder\Board-Games-master\src","initi","initial","2"
"664","6","D:\Downloads\Games\GamesWithSrcFolder\Board-Games-master\src","coord","coord","2"
"665","6","D:\Downloads\Games\GamesWithSrcFolder\Board-Games-master\src","count","count","2"
"666","6","D:\Downloads\Games\GamesWithSrcFolder\Board-Games-master\src","ruct","ructs","2"
"667","6","D:\Downloads\Games\GamesWithSrcFolder\Board-Games-master\src","row","rows","2"
"668","6","D:\Downloads\Games\GamesWithSrcFolder\Board-Games-master\src","col&&stil","col&&still","1"
"669","6","D:\Downloads\Games\GamesWithSrcFolder\Board-Games-master\src","arrai","array","6"
"670","6","D:\Downloads\Games\GamesWithSrcFolder\Board-Games-master\src","col","col","5"
"671","6","D:\Downloads\Games\GamesWithSrcFolder\Board-Games-master\src","posit","position","3"
"672","6","D:\Downloads\Games\GamesWithSrcFolder\Board-Games-master\src","adjac","adjacent","2"
"673","6","D:\Downloads\Games\GamesWithSrcFolder\Board-Games-master\src","rok","rok","2"
"674","6","D:\Downloads\Games\GamesWithSrcFolder\Board-Games-master\src","qcastl","qcastle","2"
"675","6","D:\Downloads\Games\GamesWithSrcFolder\Board-Games-master\src","readinput","readinput","2"
"676","6","D:\Downloads\Games\GamesWithSrcFolder\Board-Games-master\src","background","background","2"
"677","6","D:\Downloads\Games\GamesWithSrcFolder\Board-Games-master\src","compon","component","2"
"678","6","D:\Downloads\Games\GamesWithSrcFolder\Board-Games-master\src","mate","mate","2"
"679","6","D:\Downloads\Games\GamesWithSrcFolder\Board-Games-master\src","resourc","resource","3"
"680","6","D:\Downloads\Games\GamesWithSrcFolder\Board-Games-master\src","highlight","highlighted","3"
"681","6","D:\Downloads\Games\GamesWithSrcFolder\Board-Games-master\src","row&&col","row&&col","2"
"682","6","D:\Downloads\Games\GamesWithSrcFolder\Board-Games-master\src","png","png","2"
"683","6","D:\Downloads\Games\GamesWithSrcFolder\Board-Games-master\src","occupanti","occupanti","2"
"684","6","D:\Downloads\Games\GamesWithSrcFolder\Board-Games-master\src","inboundr","inboundr","2"
"685","6","D:\Downloads\Games\GamesWithSrcFolder\Board-Games-master\src","block","blocked","1"
"686","6","D:\Downloads\Games\GamesWithSrcFolder\Board-Games-master\src","dialogfram","dialogframe","1"
"687","6","D:\Downloads\Games\GamesWithSrcFolder\Board-Games-master\src","promot","promoting","1"
"688","6","D:\Downloads\Games\GamesWithSrcFolder\Board-Games-master\src","helperboard","helperboard","1"
"689","6","D:\Downloads\Games\GamesWithSrcFolder\Board-Games-master\src","streamfichi","streamfichier","4"
"1198","7","D:\Downloads\Games\GamesWithSrcFolder\Without Patterns\jpaintball\trunk\JPaintball\src","motion","motion","4"
"1199","7","D:\Downloads\Games\GamesWithSrcFolder\Without Patterns\jpaintball\trunk\JPaintball\src","tran","trans","4"
"1200","7","D:\Downloads\Games\GamesWithSrcFolder\Without Patterns\jpaintball\trunk\JPaintball\src","destroi","destroyed","3"
"1201","7","D:\Downloads\Games\GamesWithSrcFolder\Without Patterns\jpaintball\trunk\JPaintball\src","stream","stream","2"
"1202","7","D:\Downloads\Games\GamesWithSrcFolder\Without Patterns\jpaintball\trunk\JPaintball\src","line","line","2"
"1203","7","D:\Downloads\Games\GamesWithSrcFolder\Without Patterns\jpaintball\trunk\JPaintball\src","frametim","frametime","2"
"1204","7","D:\Downloads\Games\GamesWithSrcFolder\Without Patterns\jpaintball\trunk\JPaintball\src","game","game","2"
"1205","7","D:\Downloads\Games\GamesWithSrcFolder\Without Patterns\jpaintball\trunk\JPaintball\src","addstart","addstart","1"
"1206","7","D:\Downloads\Games\GamesWithSrcFolder\Without Patterns\jpaintball\trunk\JPaintball\src","point","point","1"
"1207","7","D:\Downloads\Games\GamesWithSrcFolder\Without Patterns\jpaintball\trunk\JPaintball\src","cosangl","cosangle","1"
"1208","7","D:\Downloads\Games\GamesWithSrcFolder\Without Patterns\jpaintball\trunk\JPaintball\src","withcollis","withcollision","3"
"1209","7","D:\Downloads\Games\GamesWithSrcFolder\Without Patterns\jpaintball\trunk\JPaintball\src","pack","pack","3"
"127","7","D:\Downloads\Games\GamesWithSrcFolder\Without Patterns\jpaintball\trunk\JPaintball\src","iter","iterator","3"
"1211","7","D:\Downloads\Games\GamesWithSrcFolder\Without Patterns\jpaintball\trunk\JPaintball\src","movabl","movable","2"
"1212","7","D:\Downloads\Games\GamesWithSrcFolder\Without Patterns\jpaintball\trunk\JPaintball\src","locat","location","2"
"1213","7","D:\Downloads\Games\GamesWithSrcFolder\Without Patterns\jpaintball\trunk\JPaintball\src","height","height","2"
"1214","7","D:\Downloads\Games\GamesWithSrcFolder\Without Patterns\jpaintball\trunk\JPaintball\src","open","open","2"
"1215","7","D:\Downloads\Games\GamesWithSrcFolder\Without Patterns\jpaintball\trunk\JPaintball\src","atan","atan","1"
"1216","7","D:\Downloads\Games\GamesWithSrcFolder\Without Patterns\jpaintball\trunk\JPaintball\src","double_x","double_x","1"
"1217","7","D:\Downloads\Games\GamesWithSrcFolder\Without Patterns\jpaintball\trunk\JPaintball\src","rotationinput","rotationinput","1"
"1218","7","D:\Downloads\Games\GamesWithSrcFolder\Without Patterns\jpaintball\trunk\JPaintball\src","host","host","1"
"1219","7","D:\Downloads\Games\GamesWithSrcFolder\Without Patterns\jpaintball\trunk\JPaintball\src","port","port","1"
"1220","7","D:\Downloads\Games\GamesWithSrcFolder\Without Patterns\jpaintball\trunk\JPaintball\src","player_blu","player_blue","1"
"1221","7","D:\Downloads\Games\GamesWithSrcFolder\Without Patterns\jpaintball\trunk\JPaintball\src","press","pressed","1"
"1222","7","D:\Downloads\Games\GamesWithSrcFolder\Without Patterns\jpaintball\trunk\JPaintball\src","movabl","movables","1"
"1223","7","D:\Downloads\Games\GamesWithSrcFolder\Without Patterns\jpaintball\trunk\JPaintball\src","loop","loop","1"
"1224","7","D:\Downloads\Games\GamesWithSrcFolder\Without Patterns\jpaintball\trunk\JPaintball\src","addplay","addplayers","1"
"1225","7","D:\Downloads\Games\GamesWithSrcFolder\Without Patterns\jpaintball\trunk\JPaintball\src","run","run","2"
"1226","7","D:\Downloads\Games\GamesWithSrcFolder\Without Patterns\jpaintball\trunk\JPaintball\src","dimens","dimension","2"
"1227","7","D:\Downloads\Games\GamesWithSrcFolder\Without Patterns\jpaintball\trunk\JPaintball\src","output","output","1"
"1228","7","D:\Downloads\Games\GamesWithSrcFolder\Without Patterns\jpaintball\trunk\JPaintball\src","readersocket","readersocket","1"
"1229","7","D:\Downloads\Games\GamesWithSrcFolder\Without Patterns\jpaintball\trunk\JPaintball\src","addn","addn","1"
"1230","7","D:\Downloads\Games\GamesWithSrcFolder\Without Patterns\jpaintball\trunk\JPaintball\src","intersecto","intersecto","1"
"1231","7","D:\Downloads\Games\GamesWithSrcFolder\Without Patterns\jpaintball\trunk\JPaintball\src","player_r","player_red","1"
"1232","7","D:\Downloads\Games\GamesWithSrcFolder\Without Patterns\jpaintball\trunk\JPaintball\src","button","button","1"
"1233","7","D:\Downloads\Games\GamesWithSrcFolder\Without Patterns\jpaintball\trunk\JPaintball\src","event","event","1"
"1234","7","D:\Downloads\Games\GamesWithSrcFolder\Without Patterns\jpaintball\trunk\JPaintball\src","collid","collides","1"
"1235","7","D:\Downloads\Games\GamesWithSrcFolder\Without Patterns\jpaintball\trunk\JPaintball\src","stop","stop","2"
"1236","7","D:\Downloads\Games\GamesWithSrcFolder\Without Patterns\jpaintball\trunk\JPaintball\src","ret","ret","1"
"1237","7","D:\Downloads\Games\GamesWithSrcFolder\Without Patterns\jpaintball\trunk\JPaintball\src","doublep","doublep","1"
"1238","7","D:\Downloads\Games\GamesWithSrcFolder\Without Patterns\jpaintball\trunk\JPaintball\src","ovalposit","ovalposition","1"
"1239","7","D:\Downloads\Games\GamesWithSrcFolder\Without Patterns\jpaintball\trunk\JPaintball\src","messag","message","1"
"1240","7","D:\Downloads\Games\GamesWithSrcFolder\Without Patterns\jpaintball\trunk\JPaintball\src","empti","empty","1"
"1241","7","D:\Downloads\Games\GamesWithSrcFolder\Without Patterns\jpaintball\trunk\JPaintball\src","param","param","1"
"1242","7","D:\Downloads\Games\GamesWithSrcFolder\Without Patterns\jpaintball\trunk\JPaintball\src","addjoin","addjoin","1"
"1243","7","D:\Downloads\Games\GamesWithSrcFolder\Without Patterns\jpaintball\trunk\JPaintball\src","noninvert","noninvertible","1"
"1244","7","D:\Downloads\Games\GamesWithSrcFolder\Without Patterns\jpaintball\trunk\JPaintball\src","showoin","showoin","1"
"1245","7","D:\Downloads\Games\GamesWithSrcFolder\Without Patterns\jpaintball\trunk\JPaintball\src","med","med","3"
"1246","7","D:\Downloads\Games\GamesWithSrcFolder\Without Patterns\jpaintball\trunk\JPaintball\src","shoot","shoot","3"
"1247","7","D:\Downloads\Games\GamesWithSrcFolder\Without Patterns\jpaintball\trunk\JPaintball\src","limit","limit","2"
"1248","7","D:\Downloads\Games\GamesWithSrcFolder\Without Patterns\jpaintball\trunk\JPaintball\src","restor","restore","2"
"1249","7","D:\Downloads\Games\GamesWithSrcFolder\Without Patterns\jpaintball\trunk\JPaintball\src","port","port","2"
"1250","7","D:\Downloads\Games\GamesWithSrcFolder\Without Patterns\jpaintball\trunk\JPaintball\src","keys","keyse","2"
"1251","7","D:\Downloads\Games\GamesWithSrcFolder\Without Patterns\jpaintball\trunk\JPaintball\src","border","border","2"
"1252","7","D:\Downloads\Games\GamesWithSrcFolder\Without Patterns\jpaintball\trunk\JPaintball\src","timer","timer","2"
"1253","7","D:\Downloads\Games\GamesWithSrcFolder\Without Patterns\jpaintball\trunk\JPaintball\src","observ","observable","2"
"1254","7","D:\Downloads\Games\GamesWithSrcFolder\Without Patterns\jpaintball\trunk\JPaintball\src","fill","fill","2"
"1255","7","D:\Downloads\Games\GamesWithSrcFolder\Without Patterns\jpaintball\trunk\JPaintball\src","color","color","3"
"1256","7","D:\Downloads\Games\GamesWithSrcFolder\Without Patterns\jpaintball\trunk\JPaintball\src","addmenu","addmenu","2"
"1257","7","D:\Downloads\Games\GamesWithSrcFolder\Without Patterns\jpaintball\trunk\JPaintball\src","movabl","movable","2"
"1258","7","D:\Downloads\Games\GamesWithSrcFolder\Without Patterns\jpaintball\trunk\JPaintball\src","y-y","y-y","1"
"1259","7","D:\Downloads\Games\GamesWithSrcFolder\Without Patterns\jpaintball\trunk\JPaintball\src","paintballposit","paintballposition","1"
"1260","7","D:\Downloads\Games\GamesWithSrcFolder\Without Patterns\jpaintball\trunk\JPaintball\src","slowli","slowly","1"
"1261","7","D:\Downloads\Games\GamesWithSrcFolder\Without Patterns\jpaintball\trunk\JPaintball\src","problem","problem","1"
"1262","7","D:\Downloads\Games\GamesWithSrcFolder\Without Patterns\jpaintball\trunk\JPaintball\src","echo","echo","1"
"1263","7","D:\Downloads\Games\GamesWithSrcFolder\Without Patterns\jpaintball\trunk\JPaintball\src","output","outputed","1"
"1264","7","D:\Downloads\Games\GamesWithSrcFolder\Without Patterns\jpaintball\trunk\JPaintball\src","reader","reader","1"
"1265","7","D:\Downloads\Games\GamesWithSrcFolder\Without Patterns\jpaintball\trunk\JPaintball\src","game","game","61"
"1266","7","D:\Downloads\Games\GamesWithSrcFolder\Without Patterns\jpaintball\trunk\JPaintball\src","posit","position","44"
"1267","7","D:\Downloads\Games\GamesWithSrcFolder\Without Patterns\jpaintball\trunk\JPaintball\src","templat","template","44"
"1268","7","D:\Downloads\Games\GamesWithSrcFolder\Without Patterns\jpaintball\trunk\JPaintball\src","bunker","bunker","39"
"1269","7","D:\Downloads\Games\GamesWithSrcFolder\Without Patterns\jpaintball\trunk\JPaintball\src","add","add","38"
"1270","7","D:\Downloads\Games\GamesWithSrcFolder\Without Patterns\jpaintball\trunk\JPaintball\src","pole","pole","38"
"1271","7","D:\Downloads\Games\GamesWithSrcFolder\Without Patterns\jpaintball\trunk\JPaintball\src","input","input","37"
"1272","7","D:\Downloads\Games\GamesWithSrcFolder\Without Patterns\jpaintball\trunk\JPaintball\src","imag","image","36"
"1273","7","D:\Downloads\Games\GamesWithSrcFolder\Without Patterns\jpaintball\trunk\JPaintball\src","mous","mouse","32"
"1274","7","D:\Downloads\Games\GamesWithSrcFolder\Without Patterns\jpaintball\trunk\JPaintball\src","speed","speed","29"
"1275","7","D:\Downloads\Games\GamesWithSrcFolder\Without Patterns\jpaintball\trunk\JPaintball\src","maf","maf","2"
"1276","7","D:\Downloads\Games\GamesWithSrcFolder\Without Patterns\jpaintball\trunk\JPaintball\src","titl","title","2"
"1277","7","D:\Downloads\Games\GamesWithSrcFolder\Without Patterns\jpaintball\trunk\JPaintball\src","point","point","1"
"1278","7","D:\Downloads\Games\GamesWithSrcFolder\Without Patterns\jpaintball\trunk\JPaintball\src","limit","limit","1"
"1279","7","D:\Downloads\Games\GamesWithSrcFolder\Without Patterns\jpaintball\trunk\JPaintball\src","listen","listeners","1"
"1280","7","D:\Downloads\Games\GamesWithSrcFolder\Without Patterns\jpaintball\trunk\JPaintball\src","addmenu","addmenu","1"
"1281","7","D:\Downloads\Games\GamesWithSrcFolder\Without Patterns\jpaintball\trunk\JPaintball\src","addit","addit","1"
"1282","7","D:\Downloads\Games\GamesWithSrcFolder\Without Patterns\jpaintball\trunk\JPaintball\src","remov","remove","1"
"1283","7","D:\Downloads\Games\GamesWithSrcFolder\Without Patterns\jpaintball\trunk\JPaintball\src","side","side","1"
"1284","7","D:\Downloads\Games\GamesWithSrcFolder\Without Patterns\jpaintball\trunk\JPaintball\src","layout","layout","1"
"1285","7","D:\Downloads\Games\GamesWithSrcFolder\Without Patterns\jpaintball\trunk\JPaintball\src","parent","parent","5"
"1286","7","D:\Downloads\Games\GamesWithSrcFolder\Without Patterns\jpaintball\trunk\JPaintball\src","item","item","4"
"1287","7","D:\Downloads\Games\GamesWithSrcFolder\Without Patterns\jpaintball\trunk\JPaintball\src","menu","menu","4"
"1288","7","D:\Downloads\Games\GamesWithSrcFolder\Without Patterns\jpaintball\trunk\JPaintball\src","player","player","4"
"1289","7","D:\Downloads\Games\GamesWithSrcFolder\Without Patterns\jpaintball\trunk\JPaintball\src","limit","limit","3"
"1290","7","D:\Downloads\Games\GamesWithSrcFolder\Without Patterns\jpaintball\trunk\JPaintball\src","port","port","3"
"1291","7","D:\Downloads\Games\GamesWithSrcFolder\Without Patterns\jpaintball\trunk\JPaintball\src","event","event","3"
"1292","7","D:\Downloads\Games\GamesWithSrcFolder\Without Patterns\jpaintball\trunk\JPaintball\src","owner","owner","3"
"1293","7","D:\Downloads\Games\GamesWithSrcFolder\Without Patterns\jpaintball\trunk\JPaintball\src","object","object","3"
"1294","7","D:\Downloads\Games\GamesWithSrcFolder\Without Patterns\jpaintball\trunk\JPaintball\src","imagesprit","imagesprite","2"
"1295","8","D:\PhD\CloneBasedRecommender\Sourcerer30\extractedbatch\tubes\src\com\sun\tubes","tube","tube","10"
"1296","8","D:\PhD\CloneBasedRecommender\Sourcerer30\extractedbatch\tubes\src\com\sun\tubes","code","code","4"
"1297","8","D:\PhD\CloneBasedRecommender\Sourcerer30\extractedbatch\tubes\src\com\sun\tubes","invok","invoke","2"
"1298","8","D:\PhD\CloneBasedRecommender\Sourcerer30\extractedbatch\tubes\src\com\sun\tubes","permiss","permissions","2"
"1299","8","D:\PhD\CloneBasedRecommender\Sourcerer30\extractedbatch\tubes\src\com\sun\tubes","net","net","2"
"1300","8","D:\PhD\CloneBasedRecommender\Sourcerer30\extractedbatch\tubes\src\com\sun\tubes","develop","development","2"
"1301","8","D:\PhD\CloneBasedRecommender\Sourcerer30\extractedbatch\tubes\src\com\sun\tubes","common","common","2"
"1302","8","D:\PhD\CloneBasedRecommender\Sourcerer30\extractedbatch\tubes\src\com\sun\tubes","sync","sync","1"
"1303","8","D:\PhD\CloneBasedRecommender\Sourcerer30\extractedbatch\tubes\src\com\sun\tubes","result","resulting","1"
"1304","8","D:\PhD\CloneBasedRecommender\Sourcerer30\extractedbatch\tubes\src\com\sun\tubes","pete","pete","1"
"1305","8","D:\PhD\CloneBasedRecommender\Sourcerer30\extractedbatch\tubes\src\com\sun\tubes","cdd","cdd","4"
"1306","8","D:\PhD\CloneBasedRecommender\Sourcerer30\extractedbatch\tubes\src\com\sun\tubes","packet","packet","3"
"1307","8","D:\PhD\CloneBasedRecommender\Sourcerer30\extractedbatch\tubes\src\com\sun\tubes","invok","invoke","2"
"1308","8","D:\PhD\CloneBasedRecommender\Sourcerer30\extractedbatch\tubes\src\com\sun\tubes","pre","pre","2"
"1309","8","D:\PhD\CloneBasedRecommender\Sourcerer30\extractedbatch\tubes\src\com\sun\tubes","conveni","convenient","2"
"1310","8","D:\PhD\CloneBasedRecommender\Sourcerer30\extractedbatch\tubes\src\com\sun\tubes","current","current","1"
"1311","8","D:\PhD\CloneBasedRecommender\Sourcerer30\extractedbatch\tubes\src\com\sun\tubes","suspend","suspend","1"
"1312","8","D:\PhD\CloneBasedRecommender\Sourcerer30\extractedbatch\tubes\src\com\sun\tubes","actionrespons","actionresponse","1"
"1313","8","D:\PhD\CloneBasedRecommender\Sourcerer30\extractedbatch\tubes\src\com\sun\tubes","request","request","1"
"1314","8","D:\PhD\CloneBasedRecommender\Sourcerer30\extractedbatch\tubes\src\com\sun\tubes","filter","filter","1"
"1315","8","D:\PhD\CloneBasedRecommender\Sourcerer30\extractedbatch\tubes\src\com\sun\tubes","action","action","11"
"1316","8","D:\PhD\CloneBasedRecommender\Sourcerer30\extractedbatch\tubes\src\com\sun\tubes","creat","create","4"
"1317","8","D:\PhD\CloneBasedRecommender\Sourcerer30\extractedbatch\tubes\src\com\sun\tubes","dev","dev","4"
"1318","8","D:\PhD\CloneBasedRecommender\Sourcerer30\extractedbatch\tubes\src\com\sun\tubes","header","header","3"
"1319","8","D:\PhD\CloneBasedRecommender\Sourcerer30\extractedbatch\tubes\src\com\sun\tubes","copi","copy","3"
"1320","8","D:\PhD\CloneBasedRecommender\Sourcerer30\extractedbatch\tubes\src\com\sun\tubes","kawaguchi","kawaguchi","2"
"1321","8","D:\PhD\CloneBasedRecommender\Sourcerer30\extractedbatch\tubes\src\com\sun\tubes","term","terms","2"
"1322","8","D:\PhD\CloneBasedRecommender\Sourcerer30\extractedbatch\tubes\src\com\sun\tubes","mechan","mechanism","1"
"1323","8","D:\PhD\CloneBasedRecommender\Sourcerer30\extractedbatch\tubes\src\com\sun\tubes","withrespons","withresponse","1"
"1324","8","D:\PhD\CloneBasedRecommender\Sourcerer30\extractedbatch\tubes\src\com\sun\tubes","copi","copied","1"
"1325","8","D:\PhD\CloneBasedRecommender\Sourcerer30\extractedbatch\tubes\src\com\sun\tubes","cloner","cloner","5"
"1326","8","D:\PhD\CloneBasedRecommender\Sourcerer30\extractedbatch\tubes\src\com\sun\tubes","tube","tube","4"
"1327","8","D:\PhD\CloneBasedRecommender\Sourcerer30\extractedbatch\tubes\src\com\sun\tubes","param","param","2"
"1328","8","D:\PhD\CloneBasedRecommender\Sourcerer30\extractedbatch\tubes\src\com\sun\tubes","filter","filter","2"
"1329","8","D:\PhD\CloneBasedRecommender\Sourcerer30\extractedbatch\tubes\src\com\sun\tubes","author","author","2"
"1330","8","D:\PhD\CloneBasedRecommender\Sourcerer30\extractedbatch\tubes\src\com\sun\tubes","fiber","fiber","1"
"1331","8","D:\PhD\CloneBasedRecommender\Sourcerer30\extractedbatch\tubes\src\com\sun\tubes","base","base","1"
"1332","8","D:\PhD\CloneBasedRecommender\Sourcerer30\extractedbatch\tubes\src\com\sun\tubes","add","add","1"
"1333","8","D:\PhD\CloneBasedRecommender\Sourcerer30\extractedbatch\tubes\src\com\sun\tubes","distribut","distributing","1"
"1334","8","D:\PhD\CloneBasedRecommender\Sourcerer30\extractedbatch\tubes\src\com\sun\tubes","govern","governing","1"
"1335","8","D:\PhD\CloneBasedRecommender\Sourcerer30\extractedbatch\tubes\src\com\sun\tubes","throwabl","throwable","2"
"1336","8","D:\PhD\CloneBasedRecommender\Sourcerer30\extractedbatch\tubes\src\com\sun\tubes","request","request","2"
"1337","8","D:\PhD\CloneBasedRecommender\Sourcerer30\extractedbatch\tubes\src\com\sun\tubes","destroi","destroy","2"
"1338","8","D:\PhD\CloneBasedRecommender\Sourcerer30\extractedbatch\tubes\src\com\sun\tubes","kohsuk","kohsuke","1"
"1339","8","D:\PhD\CloneBasedRecommender\Sourcerer30\extractedbatch\tubes\src\com\sun\tubes","author","author","1"
"1340","8","D:\PhD\CloneBasedRecommender\Sourcerer30\extractedbatch\tubes\src\com\sun\tubes","clone","clone","1"
"1341","8","D:\PhD\CloneBasedRecommender\Sourcerer30\extractedbatch\tubes\src\com\sun\tubes","includ","include","1"
"1342","8","D:\PhD\CloneBasedRecommender\Sourcerer30\extractedbatch\tubes\src\com\sun\tubes","action","action","3"
"1343","8","D:\PhD\CloneBasedRecommender\Sourcerer30\extractedbatch\tubes\src\com\sun\tubes","impl","impl","2"
"1344","8","D:\PhD\CloneBasedRecommender\Sourcerer30\extractedbatch\tubes\src\com\sun\tubes","link","link","2"
"1345","8","D:\PhD\CloneBasedRecommender\Sourcerer30\extractedbatch\tubes\src\com\sun\tubes","bracket","brackets","2"
"1346","8","D:\PhD\CloneBasedRecommender\Sourcerer30\extractedbatch\tubes\src\com\sun\tubes","notic","notice","2"
"1347","8","D:\PhD\CloneBasedRecommender\Sourcerer30\extractedbatch\tubes\src\com\sun\tubes","fiber","fiber","1"
"1348","8","D:\PhD\CloneBasedRecommender\Sourcerer30\extractedbatch\tubes\src\com\sun\tubes","process","processing","1"
"1349","8","D:\PhD\CloneBasedRecommender\Sourcerer30\extractedbatch\tubes\src\com\sun\tubes","creat","create","1"
"1350","8","D:\PhD\CloneBasedRecommender\Sourcerer30\extractedbatch\tubes\src\com\sun\tubes","header","header","1"
"1351","8","D:\PhD\CloneBasedRecommender\Sourcerer30\extractedbatch\tubes\src\com\sun\tubes","tube","tube","8"
"1352","8","D:\PhD\CloneBasedRecommender\Sourcerer30\extractedbatch\tubes\src\com\sun\tubes","respons","response","3"
"1353","8","D:\PhD\CloneBasedRecommender\Sourcerer30\extractedbatch\tubes\src\com\sun\tubes","no-op","no-op","3"
"1354","8","D:\PhD\CloneBasedRecommender\Sourcerer30\extractedbatch\tubes\src\com\sun\tubes","implement","implementation","3"
"1355","8","D:\PhD\CloneBasedRecommender\Sourcerer30\extractedbatch\tubes\src\com\sun\tubes","includ","include","3"
"1356","8","D:\PhD\CloneBasedRecommender\Sourcerer30\extractedbatch\tubes\src\com\sun\tubes","hendri","hendry","2"
"1357","8","D:\PhD\CloneBasedRecommender\Sourcerer30\extractedbatch\tubes\src\com\sun\tubes","https:glassfish","https:glassfish","2"
"1358","8","D:\PhD\CloneBasedRecommender\Sourcerer30\extractedbatch\tubes\src\com\sun\tubes","distribut","distribution","2"
"1359","8","D:\PhD\CloneBasedRecommender\Sourcerer30\extractedbatch\tubes\src\com\sun\tubes","stack","stack","1"
"1360","8","D:\PhD\CloneBasedRecommender\Sourcerer30\extractedbatch\tubes\src\com\sun\tubes","suspend","suspend","1"
"1361","8","D:\PhD\CloneBasedRecommender\Sourcerer30\extractedbatch\tubes\src\com\sun\tubes","action","action","13"
"1362","8","D:\PhD\CloneBasedRecommender\Sourcerer30\extractedbatch\tubes\src\com\sun\tubes","ructor","ructor","2"
"1363","8","D:\PhD\CloneBasedRecommender\Sourcerer30\extractedbatch\tubes\src\com\sun\tubes","ident","ident","2"
"1364","8","D:\PhD\CloneBasedRecommender\Sourcerer30\extractedbatch\tubes\src\com\sun\tubes","cover","covered","2"
"1365","8","D:\PhD\CloneBasedRecommender\Sourcerer30\extractedbatch\tubes\src\com\sun\tubes","limit","limitations","2"
"1366","8","D:\PhD\CloneBasedRecommender\Sourcerer30\extractedbatch\tubes\src\com\sun\tubes","process","processed","1"
"1367","8","D:\PhD\CloneBasedRecommender\Sourcerer30\extractedbatch\tubes\src\com\sun\tubes","packet","packet","1"
"1368","8","D:\PhD\CloneBasedRecommender\Sourcerer30\extractedbatch\tubes\src\com\sun\tubes","invok","invoke","1"
"1369","8","D:\PhD\CloneBasedRecommender\Sourcerer30\extractedbatch\tubes\src\com\sun\tubes","copythat","copythat","1"
"1370","8","D:\PhD\CloneBasedRecommender\Sourcerer30\extractedbatch\tubes\src\com\sun\tubes","ying","ying","1"
"1371","8","D:\PhD\CloneBasedRecommender\Sourcerer30\extractedbatch\tubes\src\com\sun\tubes","licens","license","14"
"1372","8","D:\PhD\CloneBasedRecommender\Sourcerer30\extractedbatch\tubes\src\com\sun\tubes","impl","impl","3"
"1373","8","D:\PhD\CloneBasedRecommender\Sourcerer30\extractedbatch\tubes\src\com\sun\tubes","process","process","2"
"1374","8","D:\PhD\CloneBasedRecommender\Sourcerer30\extractedbatch\tubes\src\com\sun\tubes","spec","spec","2"
"1375","8","D:\PhD\CloneBasedRecommender\Sourcerer30\extractedbatch\tubes\src\com\sun\tubes","complianc","compliance","2"
"1376","8","D:\PhD\CloneBasedRecommender\Sourcerer30\extractedbatch\tubes\src\com\sun\tubes","compat","compatibility","1"
"1377","8","D:\PhD\CloneBasedRecommender\Sourcerer30\extractedbatch\tubes\src\com\sun\tubes","dual","dual","1"
"1378","8","D:\PhD\CloneBasedRecommender\Sourcerer30\extractedbatch\tubes\src\com\sun\tubes","exceptiont","exceptiont","1"
"1379","8","D:\PhD\CloneBasedRecommender\Sourcerer30\extractedbatch\tubes\src\com\sun\tubes","creat","create","1"
"1380","8","D:\PhD\CloneBasedRecommender\Sourcerer30\extractedbatch\tubes\src\com\sun\tubes","loop","looping","1"
"1381","8","D:\PhD\CloneBasedRecommender\Sourcerer30\extractedbatch\tubes\src\com\sun\tubes","cloner","cloner","6"
"1382","8","D:\PhD\CloneBasedRecommender\Sourcerer30\extractedbatch\tubes\src\com\sun\tubes","impl","impl","5"
"1383","8","D:\PhD\CloneBasedRecommender\Sourcerer30\extractedbatch\tubes\src\com\sun\tubes","html","html","4"
"1384","8","D:\PhD\CloneBasedRecommender\Sourcerer30\extractedbatch\tubes\src\com\sun\tubes","object","object","2"
"1385","8","D:\PhD\CloneBasedRecommender\Sourcerer30\extractedbatch\tubes\src\com\sun\tubes","applic","applicable","2"
"1386","8","D:\PhD\CloneBasedRecommender\Sourcerer30\extractedbatch\tubes\src\com\sun\tubes","cddl","cddl","2"
"1387","8","D:\PhD\CloneBasedRecommender\Sourcerer30\extractedbatch\tubes\src\com\sun\tubes","run","run","1"
"1388","8","D:\PhD\CloneBasedRecommender\Sourcerer30\extractedbatch\tubes\src\com\sun\tubes","addthat","addthat","1"
"1389","8","D:\PhD\CloneBasedRecommender\Sourcerer30\extractedbatch\tubes\src\com\sun\tubes","graph","graph","1"
"1390","8","D:\PhD\CloneBasedRecommender\Sourcerer30\extractedbatch\tubes\src\com\sun\tubes","param","param","1"
